date,sym,side,entry,exit,qty,reason,entry_time,exit_time,rvol,gross,costs,net,R
2021-10-22,MAZDOCK,S,140.58,137.42,23,eod,09:30,15:10,5.69,72.7,3.4,69.3,1.39
2021-10-22,SOLARINDS,S,2518.74,2212.11,1,eod,09:45,15:10,7.08,306.63,2.54,304.09,4.98
2021-10-22,ASIANPAINT,L,2966.18,2983.51,1,eod,09:40,15:10,6.98,17.33,3.16,14.17,0.27
2021-10-25,AXISBANK,L,836.87,844.18,3,eod,09:30,15:10,5.41,21.93,2.68,19.25,0.56
2021-10-27,CIPLA,S,907.1,924.46,3,stop,09:35,13:00,4.97,-52.1,2.91,-55.01,-1.08
2021-10-29,ABB,L,1994.95,2088.46,1,eod,09:35,15:10,5.19,93.51,2.18,91.33,2.25
2021-11-08,EICHERMOT,S,2708.69,2714.61,1,eod,09:30,15:10,11.98,-5.91,2.87,-8.79,-0.13
2021-11-09,ZYDUSLIFE,S,500.1,498.9,6,eod,09:30,15:10,6.96,7.2,3.18,4.02,0.09
2021-11-12,TATASTEEL,S,129.98,128.61,25,eod,09:50,15:10,5.33,34.27,3.43,30.84,0.37
2021-11-12,ETERNAL,L,145.22,151.82,22,eod,09:40,15:10,5.7,145.23,3.48,141.75,2.55
2021-11-15,ETERNAL,S,148.18,151.48,22,stop,09:45,12:40,4.11,-72.6,3.49,-76.08,-1.07
2021-11-15,POWERGRID,L,137.39,141.34,24,eod,09:30,15:10,4.92,94.76,3.56,91.2,4.25
2021-11-15,MAXHEALTH,S,346.63,349.57,9,stop,09:30,12:20,5.9,-26.53,3.32,-29.85,-1.2
2021-11-16,ETERNAL,L,162.68,159.07,20,stop,09:30,12:00,4.73,-72.22,3.4,-75.62,-1.07
2021-11-18,HINDZINC,S,334.53,341.17,9,stop,09:30,10:45,4.4,-59.74,3.22,-62.96,-1.08
2021-11-22,BHARTIARTL,L,754.38,737.98,4,stop,09:30,12:15,8.83,-65.58,3.16,-68.74,-1.07
2021-11-26,SIEMENS,S,2140.88,2096.05,1,eod,10:30,15:10,4.04,44.83,2.25,42.58,0.98
2021-12-03,HINDZINC,S,340.68,344.67,9,stop,09:40,11:15,4.66,-35.93,3.27,-39.2,-1.14
2021-12-08,HINDZINC,S,356.82,361.38,9,eod,09:40,15:10,7.52,-41.03,3.42,-44.45,-0.95
2021-12-14,POWERGRID,L,156.08,159.0,21,eod,09:30,15:10,4.47,61.27,3.52,57.75,0.81
2021-12-17,INFY,L,1823.91,1816.74,1,eod,09:45,15:10,6.09,-7.17,1.93,-9.1,-0.54
2021-12-17,WIPRO,S,327.09,332.97,10,stop,09:30,14:40,10.53,-58.8,3.49,-62.29,-1.09
2021-12-24,HCLTECH,S,1260.67,1265.88,2,eod,09:30,15:10,22.78,-10.43,2.68,-13.1,-0.29
2021-12-29,MAZDOCK,S,135.48,137.07,24,stop,10:15,11:25,4.07,-38.07,3.46,-41.53,-1.14
2021-12-30,BAJAJ-AUTO,S,3202.55,3204.8,1,eod,09:45,15:10,4.79,-2.25,3.4,-5.65,-0.07
2022-01-04,NTPC,L,129.51,132.93,25,eod,09:40,15:10,4.11,85.47,3.49,81.98,1.21
2022-01-06,BHARTIARTL,S,700.15,710.46,4,stop,09:55,11:15,4.29,-41.22,2.99,-44.21,-1.11
2022-01-12,VBL,L,120.11,121.14,27,eod,09:40,15:10,6.03,27.79,3.46,24.34,0.47
2022-01-12,DLF,L,422.21,415.19,7,stop,09:30,13:15,4.31,-49.13,3.1,-52.23,-1.1
2022-01-13,INFY,L,1912.71,1884.51,1,stop,09:30,09:50,7.95,-28.2,2.01,-30.21,-1.11
2022-01-13,WIPRO,S,326.49,324.86,10,eod,09:45,15:10,5.75,16.24,3.46,12.79,0.2
2022-01-17,MOTHERSON,S,126.09,126.51,26,eod,09:35,15:10,4.36,-11.08,3.48,-14.56,-0.23
2022-01-18,HAL,L,713.26,699.3,4,stop,11:15,14:35,5.84,-55.83,2.99,-58.81,-1.08
2022-01-18,CHOLAFIN,L,619.91,611.89,5,eod,09:45,15:10,7.71,-40.08,3.26,-43.34,-0.58
2022-01-18,CUMMINSIND,S,1003.55,987.69,3,eod,09:30,15:10,5.41,47.56,3.17,44.39,0.67
2022-01-19,M&M,S,895.9,894.2,3,eod,09:30,15:10,5.88,5.11,2.85,2.27,0.06
2022-01-19,ADANIGREEN,S,1911.29,1936.37,1,eod,13:25,15:10,4.2,-25.07,2.04,-27.11,-0.7
2022-01-20,NESTLEIND,L,946.97,935.03,3,eod,09:35,15:10,5.38,-35.82,2.99,-38.81,-0.79
2022-01-21,HINDUNILVR,L,2288.89,2326.69,1,eod,09:30,15:10,8.9,37.79,2.45,35.34,0.92
2022-01-21,POWERGRID,L,163.62,161.09,20,eod,09:40,15:10,4.88,-50.5,3.44,-53.94,-0.7
2022-01-24,ICICIBANK,S,804.25,803.1,4,eod,09:30,15:10,5.71,4.59,3.41,1.18,0.02
2022-01-25,HDFCAMC,S,1090.65,1114.31,3,stop,09:30,09:40,7.16,-70.96,3.5,-74.46,-1.07
2022-01-27,PFC,S,93.83,94.81,35,stop,09:35,10:00,4.14,-34.1,3.5,-37.6,-1.16
2022-01-31,PFC,S,95.87,97.13,34,stop,09:50,13:00,4.22,-42.72,3.47,-46.2,-1.12
2022-02-01,AMBUJACEM,L,370.94,379.61,8,eod,09:50,15:10,4.92,69.4,3.19,66.21,2.0
2022-02-02,ITC,S,229.89,233.12,14,stop,09:35,11:50,6.04,-45.24,3.43,-48.67,-1.12
2022-02-03,UNIONBANK,S,49.93,48.02,66,eod,10:05,15:10,4.96,125.47,3.44,122.03,2.11
2022-02-04,ITC,S,234.88,234.87,14,eod,09:30,15:10,11.2,0.21,3.49,-3.28,-0.07
2022-02-07,SBIN,L,537.27,532.93,6,eod,09:30,15:10,4.94,-26.01,3.4,-29.41,-0.43
2022-02-11,PFC,S,97.27,97.13,34,eod,10:15,15:10,5.1,4.86,3.51,1.35,0.03
2022-02-11,TRENT,S,714.89,731.02,4,stop,09:45,11:50,6.86,-64.49,3.06,-67.55,-1.07
2022-02-14,PFC,S,95.51,96.73,34,stop,09:30,09:50,4.27,-41.35,3.46,-44.81,-1.13
2022-02-18,MUTHOOTFIN,L,1325.46,1323.14,2,eod,09:35,15:10,4.17,-4.65,2.81,-7.46,-0.12
2022-02-18,AMBUJACEM,S,344.93,338.47,9,eod,09:35,15:10,6.66,58.12,3.27,54.86,0.76
2022-02-21,DRREDDY,S,865.72,861.38,3,eod,09:30,15:10,4.21,13.01,2.75,10.26,0.2
2022-02-23,SBILIFE,S,1099.45,1100.65,3,eod,15:10,15:10,11.98,-3.6,3.5,-7.1,-0.15
2022-03-02,HDFCLIFE,S,510.14,519.31,6,stop,09:35,10:20,11.76,-54.99,3.27,-58.26,-1.09
2022-03-02,PIDILITIND,L,1192.35,1198.1,2,eod,14:40,15:10,4.29,11.51,2.54,8.97,0.24
2022-03-04,HINDZINC,L,342.22,335.23,9,stop,09:30,11:40,5.04,-62.9,3.23,-66.12,-1.08
2022-03-09,SUNPHARMA,L,874.44,868.82,3,eod,09:30,15:10,4.29,-16.86,2.77,-19.64,-0.45
2022-03-10,AXISBANK,L,710.81,696.25,4,stop,09:35,13:40,4.73,-58.21,2.98,-61.19,-1.08
2022-03-11,LODHA,L,545.0,548.73,6,eod,09:30,15:10,5.03,22.37,3.48,18.89,0.3
2022-03-17,ADANIENSOL,L,2366.23,2388.81,1,eod,11:55,15:10,4.88,22.57,2.52,20.05,0.41
2022-03-22,MAXHEALTH,S,335.88,327.16,9,eod,09:30,15:10,5.77,78.47,3.17,75.29,1.35
2022-03-23,MAXHEALTH,S,330.23,333.12,10,eod,09:35,15:10,23.84,-28.82,3.51,-32.33,-0.46
2022-03-24,KOTAKBANK,L,345.57,342.38,9,eod,11:05,15:10,24.51,-28.75,3.28,-32.03,-0.66
2022-03-29,SBILIFE,S,1093.0,1102.05,3,eod,09:55,15:10,10.6,-27.14,3.49,-30.63,-0.47
2022-04-04,HDFCAMC,L,1167.98,1176.51,2,eod,09:35,15:10,7.71,17.06,2.49,14.57,0.31
2022-04-05,ADANIPORTS,S,831.53,848.42,4,stop,09:35,10:10,5.69,-67.56,3.56,-71.12,-1.08
2022-04-07,ADANIGREEN,L,2251.18,2208.89,1,stop,09:45,13:30,6.0,-42.28,2.36,-44.64,-1.08
2022-04-07,TATAPOWER,L,296.7,290.85,11,stop,09:50,10:30,5.09,-64.28,3.42,-67.7,-1.08
2022-04-07,BEL,L,74.29,77.21,44,eod,09:30,15:10,4.2,128.67,3.55,125.12,2.5
2022-04-08,BEL,L,78.84,78.86,42,eod,10:25,15:10,5.45,0.89,3.51,-2.62,-0.05
2022-04-11,GRASIM,L,1795.1,1775.36,1,stop,09:30,09:35,6.43,-19.74,1.89,-21.63,-1.15
2022-04-11,ITC,L,270.39,267.92,12,eod,10:25,15:10,4.15,-29.63,3.42,-33.05,-0.65
2022-04-11,MAZDOCK,L,148.12,151.47,22,eod,09:30,15:10,5.01,73.7,3.5,70.2,3.12
2022-04-25,ICICIBANK,L,761.53,751.27,4,eod,10:15,15:10,6.11,-41.03,3.2,-44.23,-0.71
2022-04-27,ADANIPORTS,S,903.65,888.84,3,eod,09:30,15:10,5.8,44.41,2.86,41.56,0.66
2022-04-28,HINDUNILVR,S,2191.55,2238.12,1,stop,09:30,11:25,5.49,-46.56,2.34,-48.91,-1.08
2022-04-29,VEDL,L,155.01,152.55,21,eod,09:35,15:10,5.85,-51.53,3.42,-54.95,-0.93
2022-05-06,ABB,L,2234.62,2257.92,1,eod,09:30,15:10,6.37,23.3,2.38,20.92,0.38
2022-05-11,CIPLA,L,925.11,936.13,3,eod,09:35,15:10,5.59,33.06,2.96,30.09,0.5
2022-05-16,EICHERMOT,L,2555.08,2613.94,1,eod,09:30,15:10,5.63,58.87,2.75,56.12,0.93
2022-05-20,HAL,L,873.94,879.06,3,eod,09:30,15:10,4.64,15.37,2.79,12.58,0.3
2022-05-31,SUNPHARMA,L,876.09,857.32,3,stop,09:30,09:55,11.04,-56.3,2.75,-59.05,-1.07
2022-06-02,HDFCLIFE,S,595.9,605.3,5,stop,09:40,14:15,7.13,-47.0,3.18,-50.18,-1.1
2022-06-10,LODHA,L,549.67,549.7,6,eod,10:25,15:10,10.48,0.15,3.5,-3.35,-0.05
2022-06-21,EICHERMOT,S,2640.88,2705.0,1,stop,09:45,15:05,7.14,-64.12,2.83,-66.95,-1.07
2022-06-22,MAXHEALTH,L,365.18,364.32,9,eod,09:30,15:10,28.7,-7.78,3.48,-11.26,-0.19
2022-07-05,RECLTD,S,127.94,128.46,26,eod,09:30,15:10,25.39,-13.73,3.53,-17.27,-0.26
2022-07-06,CGPOWER,L,199.55,195.4,16,stop,09:30,12:40,4.86,-66.36,3.34,-69.7,-1.08
2022-07-07,TITAN,S,2126.94,2128.06,1,eod,09:35,15:10,6.03,-1.13,2.26,-3.38,-0.08
2022-07-07,ABB,L,2569.83,2559.17,1,eod,10:30,15:10,8.85,-10.66,2.72,-13.38,-0.32
2022-07-07,GODREJCP,S,879.56,856.33,3,eod,09:45,15:10,6.1,69.7,2.77,66.93,1.16
2022-07-08,LT,L,1658.23,1686.86,2,eod,09:30,15:10,4.53,57.25,3.55,53.7,0.7
2022-07-14,SUNPHARMA,L,877.09,879.01,3,eod,10:10,15:10,4.26,5.77,2.79,2.97,0.08
2022-07-18,ZYDUSLIFE,S,366.82,358.18,9,eod,09:30,15:10,7.66,77.74,3.47,74.27,1.59
2022-07-19,TORNTPHARM,S,1509.59,1500.65,2,eod,11:15,15:10,4.7,17.89,3.19,14.7,0.25
2022-07-20,HDFCLIFE,S,531.73,524.91,6,eod,09:30,15:10,4.24,40.93,3.37,37.56,0.7
2022-07-21,WIPRO,L,205.05,207.0,16,eod,09:45,15:10,6.73,31.1,3.5,27.6,0.47
2022-07-22,CGPOWER,L,224.56,229.89,14,eod,09:30,15:10,6.54,74.52,3.38,71.14,1.01
2022-07-22,HAL,L,939.87,934.53,3,eod,10:20,15:10,5.82,-16.01,2.98,-18.99,-0.53
2022-07-25,ICICIBANK,S,801.6,800.4,4,eod,09:50,15:10,6.15,4.8,3.4,1.4,0.02
2022-07-26,SOLARINDS,L,2863.78,2836.33,1,stop,09:45,10:25,5.39,-27.45,3.02,-30.47,-1.17
2022-07-26,BAJAJFINSV,S,1284.46,1304.35,2,stop,09:30,11:20,4.84,-39.79,2.74,-42.53,-1.11
2022-07-26,TORNTPHARM,S,1450.47,1463.58,2,eod,09:30,15:10,4.68,-26.21,3.09,-29.3,-0.42
2022-07-29,HDFCLIFE,L,545.97,537.98,6,stop,09:40,10:20,4.55,-47.95,3.44,-51.4,-1.11
2022-07-29,BAJAJFINSV,S,1489.21,1507.15,2,eod,10:30,15:10,4.97,-35.9,3.17,-39.07,-0.64
2022-08-02,POWERGRID,L,165.68,166.94,20,eod,13:40,15:10,4.5,25.17,3.53,21.64,0.42
2022-08-02,SIEMENS,S,2768.96,2738.52,1,eod,09:55,15:10,5.26,30.45,2.92,27.52,0.6
2022-08-03,SIEMENS,S,2622.29,2616.71,1,eod,09:30,15:10,8.09,5.58,2.78,2.8,0.04
2022-08-04,TATACONSUM,S,789.61,790.14,4,eod,09:35,15:10,54.77,-2.16,3.35,-5.51,-0.17
2022-08-10,ICICIBANK,L,852.23,847.93,3,eod,10:10,15:10,4.52,-12.9,2.7,-15.6,-0.52
2022-08-10,BHARTIARTL,S,706.05,716.41,4,stop,09:30,10:30,4.12,-41.44,3.01,-44.46,-1.11
2022-08-10,INDHOTEL,L,274.94,268.72,12,stop,09:35,11:45,7.04,-74.66,3.45,-78.11,-1.07
2022-08-16,MUTHOOTFIN,S,1068.17,1040.52,3,eod,09:30,15:10,6.58,82.94,3.36,79.57,1.07
2022-08-16,RECLTD,S,137.08,137.62,24,eod,09:35,15:10,4.3,-12.9,3.49,-16.39,-0.47
2022-08-17,MUTHOOTFIN,L,1061.78,1066.97,3,eod,09:50,15:10,8.18,15.56,3.39,12.17,0.23
2022-08-17,PIDILITIND,L,1355.68,1357.62,2,eod,09:30,15:10,7.45,3.89,2.88,1.01,0.03
2022-08-19,ADANIENT,L,3244.52,3163.77,1,stop,09:50,11:25,4.87,-80.75,3.39,-84.14,-1.06
2022-08-24,UNITDSPR,S,776.06,776.04,4,eod,09:30,15:10,5.07,0.1,3.29,-3.2,-0.07
2022-09-01,NESTLEIND,S,979.21,987.64,3,eod,09:30,15:10,4.74,-25.3,3.13,-28.43,-0.42
2022-09-02,NTPC,S,162.72,162.08,20,eod,10:15,15:10,6.61,12.75,3.45,9.31,0.13
2022-09-07,AMBUJACEM,L,446.37,448.83,7,eod,09:30,15:10,4.18,17.17,3.32,13.84,0.19
2022-09-14,TATACONSUM,S,840.58,840.42,3,eod,12:55,15:10,6.3,0.48,2.67,-2.2,-0.04
2022-09-20,POWERGRID,S,175.19,176.79,19,stop,09:30,09:50,7.49,-30.42,3.54,-33.96,-1.18
2022-09-20,AMBUJACEM,S,573.71,584.24,5,stop,09:40,13:35,4.23,-52.64,3.06,-55.71,-1.09
2022-09-21,SUNPHARMA,S,915.54,904.55,3,eod,10:30,15:10,4.19,32.97,2.9,30.07,1.44
2022-09-28,CIPLA,S,1098.5,1100.45,3,eod,09:35,15:10,5.38,-5.85,3.5,-9.35,-0.17
2022-09-29,SUNPHARMA,L,938.47,930.38,3,eod,10:15,15:10,5.32,-24.25,2.97,-27.22,-0.68
2022-10-04,ZYDUSLIFE,S,407.45,415.06,8,stop,09:30,11:40,4.42,-60.89,3.48,-64.37,-1.09
2022-10-13,WIPRO,S,191.9,189.59,17,eod,09:30,15:10,10.1,39.26,3.44,35.81,0.51
2022-10-14,LODHA,S,493.78,489.99,6,eod,09:50,15:10,5.19,22.7,3.13,19.57,0.34
2022-10-18,MOTHERSON,S,43.18,42.67,77,eod,10:45,15:10,38.58,39.04,3.51,35.54,0.64
2022-10-19,CGPOWER,L,267.03,262.12,12,stop,09:30,11:30,4.4,-58.97,3.36,-62.34,-1.09
2022-10-20,NESTLEIND,L,1002.7,1002.05,3,eod,09:40,15:10,5.02,-1.96,3.19,-5.15,-0.1
2022-10-20,SIEMENS,L,2927.46,2858.57,1,stop,09:35,13:00,5.83,-68.89,3.06,-71.95,-1.07
2022-10-21,HDFCAMC,L,1041.02,1034.48,3,eod,09:30,15:10,4.61,-19.61,3.3,-22.91,-0.31
2022-10-21,ITC,S,346.68,345.82,9,eod,13:35,15:10,4.64,7.68,3.31,4.38,0.07
2022-10-27,KOTAKBANK,S,373.61,372.89,8,eod,09:40,15:10,6.0,5.81,3.17,2.65,0.08
2022-10-27,PFC,L,85.36,87.92,39,eod,09:45,15:10,4.84,99.58,3.59,95.99,4.08
2022-10-27,HDFCLIFE,L,535.92,531.93,6,stop,10:00,11:35,4.5,-23.9,3.39,-27.3,-1.22
2022-10-28,RECLTD,L,98.55,99.75,33,eod,09:30,15:10,4.57,39.63,3.47,36.15,0.66
2022-10-31,TATAPOWER,S,224.69,225.96,14,eod,09:30,15:10,4.48,-17.85,3.34,-21.2,-0.38
2022-10-31,DRREDDY,S,902.75,886.84,3,eod,09:45,15:10,12.26,47.72,2.85,44.86,0.68
2022-10-31,CUMMINSIND,L,1323.06,1350.32,2,eod,09:30,15:10,9.92,54.53,2.84,51.69,1.12
2022-11-01,LT,S,1994.6,2036.37,1,stop,09:40,11:55,4.46,-41.77,2.13,-43.9,-1.08
2022-11-01,AXISBANK,S,883.71,871.94,3,eod,10:10,15:10,5.61,35.32,2.8,32.52,0.53
2022-11-02,ADANIPORTS,S,830.58,834.52,4,eod,10:00,15:10,4.87,-15.73,3.53,-19.26,-0.25
2022-11-04,IRFC,L,23.16,23.64,143,eod,09:35,15:10,5.03,68.15,3.56,64.6,1.73
2022-11-07,CUMMINSIND,S,1338.23,1336.87,2,eod,09:50,15:10,4.26,2.72,2.84,-0.11,-0.0
2022-11-07,SBIN,S,612.19,614.31,5,eod,10:50,15:10,11.42,-10.57,3.25,-13.82,-0.27
2022-11-07,IRFC,L,24.26,24.64,137,eod,09:55,15:10,6.67,51.45,3.56,47.89,1.12
2022-11-09,COALINDIA,L,261.08,255.47,12,eod,09:35,15:10,13.45,-67.3,3.28,-70.58,-0.97
2022-11-09,IRFC,S,24.89,25.41,133,stop,09:30,10:35,10.86,-69.84,3.54,-73.38,-1.08
2022-11-11,TECHM,L,1062.98,1058.37,3,eod,09:35,15:10,4.82,-13.83,3.37,-17.2,-0.34
2022-11-11,ABB,S,3145.43,3161.88,1,eod,09:30,15:10,4.56,-16.45,3.34,-19.8,-0.27
2022-11-14,ADANIPOWER,L,70.03,72.21,47,eod,09:40,15:10,4.53,102.41,3.56,98.85,1.33
2022-11-14,HINDZINC,L,307.25,309.55,10,eod,11:45,15:10,15.24,22.92,3.27,19.64,0.43
2022-11-16,HINDZINC,S,316.99,319.41,10,eod,14:20,15:10,6.51,-24.18,3.37,-27.55,-0.69
2022-11-16,IRFC,L,25.66,26.84,129,eod,10:50,15:10,4.99,151.41,3.61,147.81,2.48
2022-11-24,TATACONSUM,L,794.8,781.16,4,stop,09:40,12:30,17.25,-54.55,3.34,-57.89,-1.09
2022-11-25,HDFCLIFE,L,585.29,586.01,5,eod,09:30,15:10,5.5,3.57,3.11,0.47,0.01
2022-11-28,IOC,L,75.64,76.11,44,eod,11:35,15:10,6.01,20.86,3.54,17.32,0.23
2022-12-02,SBILIFE,S,1268.52,1297.6,2,stop,12:25,14:40,4.81,-58.17,2.71,-60.88,-1.07
2022-12-02,HINDUNILVR,S,2613.69,2615.56,1,eod,11:55,15:10,4.44,-1.86,2.77,-4.64,-0.1
2022-12-05,LODHA,L,537.77,542.2,6,eod,14:00,15:10,6.19,26.61,3.44,23.17,0.31
2022-12-06,SBILIFE,S,1283.91,1286.84,2,eod,12:15,15:10,9.24,-5.87,2.73,-8.6,-0.15
2022-12-08,LODHA,L,548.82,542.23,6,eod,10:15,15:10,5.0,-39.57,3.47,-43.04,-0.75
2022-12-22,ZYDUSLIFE,S,419.84,424.01,7,eod,09:40,15:10,4.13,-29.2,3.13,-32.33,-0.57
2022-12-22,SUNPHARMA,L,1026.31,1010.74,3,stop,09:30,11:15,6.14,-46.71,3.24,-49.94,-1.11
2022-12-23,ADANIPOWER,S,52.62,52.48,63,eod,09:45,15:10,5.05,9.29,3.51,5.78,0.1
2022-12-27,MOTHERSON,L,48.97,48.93,68,eod,15:00,15:10,4.54,-3.33,3.53,-6.86,-0.09
2022-12-28,MOTHERSON,L,49.87,49.53,66,eod,09:30,15:10,4.17,-23.08,3.48,-26.56,-0.33
2022-12-29,DRREDDY,S,854.57,852.43,3,eod,10:00,15:10,7.93,6.44,2.72,3.72,0.08
2023-01-03,PFC,L,121.42,124.7,27,eod,09:35,15:10,4.28,88.48,3.53,84.94,1.85
2023-01-04,HDFCLIFE,L,608.95,599.25,5,eod,09:30,15:10,7.17,-48.52,3.2,-51.72,-0.75
2023-01-06,ABB,S,2811.59,2843.92,1,eod,09:30,15:10,9.6,-32.33,3.0,-35.32,-0.76
2023-01-06,PFC,S,125.82,125.94,26,eod,12:25,15:10,7.5,-3.27,3.47,-6.74,-0.1
2023-01-06,CHOLAFIN,S,679.76,668.83,4,eod,09:30,15:10,5.98,43.7,2.87,40.84,0.73
2023-01-09,LODHA,S,527.79,526.76,6,eod,09:30,15:10,4.11,6.14,3.36,2.78,0.07
2023-01-10,TCS,S,3239.93,3288.24,1,eod,09:30,15:10,6.01,-48.31,3.46,-51.77,-0.89
2023-01-11,BHARTIARTL,S,763.82,765.68,4,eod,09:30,15:10,10.16,-7.46,3.24,-10.7,-0.17
2023-01-12,ASIANPAINT,S,2895.35,2917.61,1,eod,10:10,15:10,4.07,-22.26,3.08,-25.34,-0.57
2023-01-16,WIPRO,L,198.8,199.2,16,eod,09:40,15:10,4.61,6.42,3.38,3.04,0.04
2023-01-18,CUMMINSIND,S,1489.95,1486.99,2,eod,10:10,15:10,4.58,5.92,3.16,2.77,0.05
2023-01-19,KOTAKBANK,S,352.92,353.53,9,eod,09:30,15:10,4.36,-5.43,3.37,-8.8,-0.13
2023-01-19,HINDZINC,L,369.23,374.56,9,eod,09:30,15:10,4.31,47.95,3.55,44.4,0.94
2023-01-20,VEDL,S,124.87,124.08,26,eod,09:30,15:10,5.28,20.42,3.43,16.99,0.25
2023-01-20,HINDUNILVR,L,2604.3,2541.18,1,stop,09:30,14:00,11.9,-63.12,2.72,-65.84,-1.06
2023-01-20,ASIANPAINT,S,2803.8,2790.29,1,eod,10:25,15:10,4.65,13.5,2.97,10.54,0.24
2023-01-23,KOTAKBANK,L,358.18,356.77,9,eod,09:50,15:10,4.27,-12.67,3.41,-16.08,-0.44
2023-01-24,AXISBANK,S,921.59,910.86,3,eod,09:30,15:10,7.15,32.2,2.92,29.28,0.73
2023-01-24,ITC,S,337.63,340.17,9,stop,09:35,10:25,7.36,-22.85,3.23,-26.08,-1.22
2023-01-25,PIDILITIND,L,1174.74,1152.72,2,stop,09:45,12:25,9.82,-44.03,2.46,-46.49,-1.08
2023-01-27,KOTAKBANK,S,344.43,342.97,9,eod,09:30,15:10,4.42,13.11,3.28,9.82,0.18
2023-01-27,TORNTPHARM,S,1519.24,1540.47,2,eod,09:30,15:10,4.25,-42.46,3.24,-45.7,-0.68
2023-01-30,TORNTPHARM,L,1550.77,1545.03,2,eod,09:35,15:10,4.57,-11.5,3.28,-14.78,-0.41
2023-01-31,LODHA,S,513.19,511.48,6,eod,09:55,15:10,12.95,10.28,3.26,7.01,0.17
2023-01-31,SHRIRAMFIN,L,251.63,257.32,13,eod,09:30,15:10,5.38,74.04,3.52,70.53,1.1
2023-02-01,COALINDIA,S,222.89,221.11,14,eod,10:00,15:10,4.87,24.89,3.3,21.59,0.3
2023-02-01,INDHOTEL,L,318.16,326.49,10,eod,09:45,15:10,20.68,83.28,3.43,79.85,1.04
2023-02-06,ITC,S,381.51,383.39,8,eod,14:50,15:10,5.1,-15.06,3.24,-18.3,-0.35
2023-02-07,HINDALCO,S,433.23,430.22,7,eod,09:30,15:10,4.09,21.13,3.21,17.92,0.3
2023-02-07,DIVISLAB,S,2785.81,2748.22,1,eod,09:30,15:10,4.14,37.58,2.94,34.64,1.01
2023-02-08,ABB,L,3073.84,3030.43,1,stop,10:15,10:25,4.44,-43.4,3.23,-46.63,-1.11
2023-02-10,CGPOWER,L,325.06,320.99,10,stop,10:35,11:20,4.29,-40.73,3.42,-44.15,-1.13
2023-02-13,ABB,S,3157.02,3072.19,1,eod,09:30,15:10,15.23,84.84,3.31,81.52,1.55
2023-02-13,M&M,S,1349.87,1353.18,2,eod,09:55,15:10,5.61,-6.6,2.87,-9.47,-0.14
2023-02-15,GRASIM,S,1602.25,1625.56,2,eod,09:30,15:10,4.01,-46.63,3.42,-50.05,-0.94
2023-02-16,INDIGO,S,1892.3,1898.85,1,eod,14:20,15:10,39.33,-6.55,2.01,-8.56,-0.29
2023-02-17,HAL,L,1350.17,1316.02,2,stop,09:45,13:00,4.44,-68.32,2.82,-71.14,-1.06
2023-02-20,HDFCAMC,L,937.92,929.14,3,eod,09:30,15:10,18.57,-26.35,2.97,-29.32,-0.76
2023-02-23,HDFCAMC,S,900.05,892.95,3,eod,09:30,15:10,4.02,21.31,2.85,18.46,0.46
2023-02-23,GAIL,S,96.35,97.9,34,stop,09:35,10:50,8.53,-52.6,3.5,-56.1,-1.1
2023-03-02,POWERGRID,S,162.67,163.88,20,stop,10:10,11:55,7.06,-24.27,3.46,-27.73,-1.23
2023-03-02,BAJAJFINSV,S,1359.32,1344.42,2,eod,09:30,15:10,4.47,29.8,2.87,26.93,0.53
2023-03-08,HDFCLIFE,L,491.65,495.0,6,eod,09:30,15:10,5.12,20.14,3.14,17.0,0.78
2023-03-09,JSWSTEEL,L,691.2,676.76,4,stop,09:35,10:45,4.66,-57.74,2.89,-60.63,-1.08
2023-03-10,AXISBANK,S,854.57,852.53,3,eod,09:35,15:10,4.69,6.14,2.72,3.42,0.18
2023-03-14,HINDZINC,S,299.4,295.15,11,eod,09:30,15:10,4.31,46.78,3.47,43.31,0.75
2023-03-14,UNITDSPR,L,762.23,767.72,4,eod,09:30,15:10,4.02,21.94,3.25,18.69,0.91
2023-03-14,KOTAKBANK,S,330.03,330.22,10,eod,09:40,15:10,5.99,-1.8,3.5,-5.3,-0.1
2023-03-15,UNITDSPR,S,769.71,761.28,4,eod,10:35,15:10,4.28,33.74,3.25,30.49,0.84
2023-03-15,HINDZINC,L,300.15,295.5,11,stop,09:30,14:20,9.75,-51.13,3.47,-54.59,-1.1
2023-03-16,TITAN,L,2454.48,2447.88,1,eod,09:30,15:10,5.1,-6.6,2.6,-9.2,-0.22
2023-03-16,IOC,S,78.96,80.19,42,stop,10:00,11:25,4.8,-51.64,3.54,-55.18,-1.1
2023-03-17,TCS,L,3195.6,3178.31,1,eod,10:15,15:10,8.82,-17.29,3.38,-20.66,-0.46
2023-03-17,DLF,L,372.39,374.71,8,eod,09:30,15:10,4.02,18.61,3.17,15.44,0.21
2023-03-21,NESTLEIND,S,948.38,946.57,3,eod,11:55,15:10,5.43,5.41,3.01,2.39,0.05
2023-03-22,SBILIFE,S,1108.35,1114.21,3,eod,14:40,15:10,6.9,-17.58,3.53,-21.12,-0.37
2023-03-22,HINDZINC,S,318.44,318.16,10,eod,10:15,15:10,25.98,2.82,3.38,-0.56,-0.01
2023-03-23,HAL,L,1247.12,1246.88,2,eod,09:35,15:10,5.34,-0.49,2.64,-3.14,-0.17
2023-03-24,HAL,L,1279.24,1287.83,2,eod,09:45,15:10,4.26,17.18,2.72,14.46,0.38
2023-03-31,VEDL,S,105.57,102.59,31,eod,09:30,15:10,9.2,92.25,3.43,88.82,2.67
2023-04-03,ONGC,S,154.07,153.78,21,eod,12:35,15:10,5.27,6.22,3.43,2.79,0.04
2023-04-03,EICHERMOT,S,2995.5,3010.5,1,eod,09:55,15:10,4.3,-15.0,3.18,-18.19,-0.33
2023-04-05,BAJFINANCE,L,592.3,580.46,5,stop,09:30,10:50,4.57,-59.18,3.1,-62.28,-1.08
2023-04-11,KOTAKBANK,S,365.67,369.43,9,eod,09:35,15:10,8.44,-33.91,3.5,-37.41,-0.68
2023-04-13,DIVISLAB,L,3211.55,3177.06,1,eod,10:00,15:10,5.76,-34.49,3.38,-37.88,-0.56
2023-04-17,VBL,L,287.84,290.45,11,eod,10:15,15:10,5.74,28.72,3.38,25.34,0.81
2023-04-17,KOTAKBANK,S,374.71,378.39,8,stop,09:30,10:25,13.21,-29.41,3.19,-32.6,-1.17
2023-04-17,INFY,S,1223.59,1250.93,2,stop,09:30,13:35,23.34,-54.67,2.62,-57.29,-1.07
2023-04-21,HCLTECH,S,1047.93,1050.02,3,eod,10:20,15:10,6.52,-6.3,3.34,-9.63,-0.13
2023-04-24,WIPRO,L,189.09,189.01,17,eod,15:10,15:10,4.16,-1.51,3.41,-4.92,-0.08
2023-04-24,HDFCLIFE,S,542.78,547.37,6,eod,09:45,15:10,13.65,-27.57,3.47,-31.04,-0.44
2023-04-24,SUNPHARMA,L,975.49,978.26,3,eod,14:50,15:10,4.1,8.32,3.11,5.21,0.11
2023-04-25,IRFC,L,30.27,29.69,110,stop,09:50,12:40,9.14,-63.8,3.49,-67.29,-1.08
2023-04-25,MAXHEALTH,S,442.73,442.02,7,eod,13:45,15:10,31.05,4.95,3.28,1.67,0.03
2023-04-25,SHRIRAMFIN,S,279.31,284.14,11,stop,11:50,12:40,6.45,-53.15,3.28,-56.43,-1.09
2023-04-26,IRFC,S,30.83,30.32,108,eod,09:35,15:10,14.35,56.1,3.51,52.59,0.64
2023-04-26,TATACONSUM,L,734.32,746.98,4,eod,10:20,15:10,9.02,50.64,3.15,47.49,1.15
2023-04-26,TORNTPHARM,S,1643.48,1623.76,2,eod,09:30,15:10,7.03,39.43,3.47,35.96,1.09
2023-04-27,SBILIFE,L,1139.32,1135.13,2,eod,09:55,15:10,4.51,-8.37,2.41,-10.79,-0.39
2023-04-28,WIPRO,L,193.25,192.5,17,eod,09:30,15:10,7.28,-12.63,3.48,-16.1,-0.29
2023-04-28,GODREJCP,L,938.47,919.54,3,stop,09:45,11:55,9.13,-56.79,2.95,-59.74,-1.08
2023-04-28,INDHOTEL,S,341.93,339.02,9,eod,10:30,15:10,11.31,26.19,3.25,22.93,0.42
2023-05-02,PFC,L,138.95,138.85,23,eod,09:30,15:10,4.39,-2.27,3.39,-5.66,-0.09
2023-05-03,GODREJCP,L,932.52,938.68,3,eod,09:30,15:10,11.83,18.49,2.98,15.51,0.36
2023-05-05,HDFCBANK,S,814.59,813.51,4,eod,13:50,15:10,5.49,4.34,3.45,0.89,0.01
2023-05-05,TATAPOWER,S,202.0,200.4,16,eod,11:10,15:10,5.19,25.58,3.42,22.16,0.38
2023-05-05,UNITDSPR,L,797.0,787.01,4,eod,10:40,15:10,4.52,-39.97,3.36,-43.32,-0.71
2023-05-08,COALINDIA,S,230.68,232.92,14,eod,09:30,15:10,4.29,-31.25,3.44,-34.68,-1.0
2023-05-09,PIDILITIND,L,1216.06,1237.38,2,eod,09:30,15:10,10.95,42.65,2.61,40.04,1.32
2023-05-09,SUNPHARMA,S,954.27,958.68,3,eod,09:30,15:10,4.78,-13.22,3.04,-16.26,-0.43
2023-05-09,ADANIENSOL,L,922.46,901.15,3,stop,09:30,13:55,7.84,-63.94,2.89,-66.83,-1.07
2023-05-10,PIDILITIND,L,1265.13,1253.57,2,eod,09:45,15:10,5.5,-23.12,2.67,-25.79,-0.48
2023-05-11,LT,S,2254.77,2244.92,1,eod,09:30,15:10,13.89,9.85,2.39,7.46,0.14
2023-05-11,DRREDDY,S,917.54,907.1,3,eod,09:40,15:10,25.65,31.31,2.91,28.41,0.42
2023-05-12,CGPOWER,L,330.01,332.33,10,eod,13:30,15:10,15.24,23.19,3.51,19.67,0.29
2023-05-12,MAXHEALTH,S,502.55,500.05,6,eod,09:30,15:10,7.14,14.99,3.19,11.8,0.19
2023-05-16,IOC,L,85.64,86.76,38,eod,10:20,15:10,4.45,42.32,3.48,38.85,1.59
2023-05-16,GAIL,L,113.51,112.54,29,stop,09:30,09:50,4.2,-27.93,3.47,-31.4,-1.19
2023-05-16,DLF,L,476.54,470.51,6,stop,09:30,10:40,5.79,-36.14,3.01,-39.15,-1.13
2023-05-17,IOC,S,87.46,87.69,38,eod,11:35,15:10,5.21,-9.03,3.53,-12.56,-0.29
2023-05-17,JINDALSTEL,S,541.23,533.02,6,eod,10:55,15:10,6.35,49.28,3.42,45.85,0.91
2023-05-17,MAZDOCK,L,409.6,405.55,8,stop,09:30,09:40,4.36,-32.46,3.45,-35.91,-1.16
2023-05-19,ITC,S,413.49,421.16,8,stop,09:30,12:15,5.23,-61.34,3.53,-64.87,-1.09
2023-05-19,ZYDUSLIFE,S,506.7,495.25,6,eod,09:40,15:10,4.4,68.69,3.2,65.5,1.41
2023-05-22,ADANIPORTS,L,709.85,727.04,4,eod,09:30,15:10,5.21,68.73,3.06,65.67,1.05
2023-05-23,AMBUJACEM,L,437.57,426.79,7,stop,09:40,10:45,7.94,-75.48,3.2,-78.68,-1.06
2023-05-23,VEDL,S,107.93,108.07,30,eod,14:05,15:10,5.61,-4.44,3.44,-7.88,-0.15
2023-05-23,BPCL,L,185.09,183.36,18,eod,09:30,15:10,5.7,-31.22,3.51,-34.73,-0.74
2023-05-26,GRASIM,S,1680.26,1702.85,1,stop,09:50,14:45,5.01,-22.59,1.79,-24.38,-1.12
2023-05-29,ONGC,L,160.08,158.92,20,eod,13:40,15:10,7.6,-23.19,3.38,-26.57,-0.38
2023-06-01,COALINDIA,L,231.12,229.49,14,stop,09:30,12:05,10.89,-22.82,3.42,-26.24,-1.24
2023-06-05,CGPOWER,S,378.96,382.64,8,stop,09:30,09:55,7.12,-29.45,3.23,-32.67,-1.17
2023-06-07,HAL,L,1760.45,1749.22,1,eod,09:50,15:10,4.92,-11.23,1.86,-13.09,-0.41
2023-06-08,NTPC,L,182.39,181.76,18,eod,09:30,15:10,6.57,-11.38,3.47,-14.85,-0.19
2023-06-09,KOTAKBANK,S,372.21,375.14,8,eod,13:30,15:10,10.75,-23.39,3.17,-26.56,-0.45
2023-06-12,TVSMOTOR,S,1356.32,1340.42,2,eod,09:30,15:10,8.11,31.8,2.86,28.94,0.51
2023-06-13,TATACONSUM,L,808.65,819.84,4,eod,09:30,15:10,5.14,44.74,3.46,41.28,1.64
2023-06-15,TATACONSUM,L,869.38,864.32,3,eod,09:50,15:10,6.42,-15.2,2.76,-17.96,-0.45
2023-06-19,DRREDDY,S,989.7,975.69,3,eod,09:30,15:10,4.6,42.05,3.13,38.92,0.9
2023-06-19,BAJAJFINSV,L,1545.12,1541.23,2,eod,09:30,15:10,5.76,-7.79,3.27,-11.06,-0.2
2023-06-20,HDFCAMC,S,1005.45,1029.91,3,stop,09:30,13:45,27.8,-73.4,3.23,-76.63,-1.07
2023-06-20,INDIGO,S,2449.27,2441.22,1,eod,09:30,15:10,6.04,8.05,2.59,5.46,0.13
2023-06-22,MOTHERSON,S,57.47,56.53,58,eod,11:45,15:10,6.49,54.69,3.51,51.18,0.66
2023-06-30,INFY,L,1322.46,1334.23,2,eod,09:30,15:10,4.01,23.54,2.82,20.72,0.67
2023-06-30,HCLTECH,L,1188.14,1187.76,2,eod,09:30,15:10,4.38,-0.78,2.52,-3.3,-0.07
2023-07-03,M&M,S,1462.27,1466.88,2,eod,09:55,15:10,5.28,-9.23,3.11,-12.33,-0.17
2023-07-04,CANBK,S,63.62,64.63,52,stop,09:55,10:15,4.54,-52.73,3.53,-56.26,-1.1
2023-07-04,VBL,S,323.34,321.96,10,eod,09:35,15:10,4.81,13.77,3.42,10.35,0.22
2023-07-05,BAJFINANCE,S,784.46,784.79,4,eod,10:35,15:10,4.06,-1.34,3.33,-4.67,-0.08
2023-07-06,HINDZINC,L,321.61,333.83,10,eod,10:00,15:10,15.05,122.22,3.49,118.73,2.12
2023-07-06,EICHERMOT,S,3240.03,3225.41,1,eod,09:30,15:10,7.12,14.62,3.43,11.19,0.23
2023-07-07,GAIL,L,112.11,109.55,29,stop,09:35,12:25,5.24,-74.26,3.4,-77.66,-1.07
2023-07-07,BHARTIARTL,L,868.08,869.76,3,eod,09:40,15:10,22.92,5.04,2.76,2.28,0.14
2023-07-07,HINDZINC,S,338.93,341.17,9,eod,10:50,15:10,10.39,-20.16,3.24,-23.4,-0.51
2023-07-10,RELIANCE,L,1234.47,1235.08,2,eod,09:40,15:10,8.0,1.23,2.62,-1.39,-0.03
2023-07-11,VEDL,L,104.27,103.74,31,eod,09:55,15:10,6.18,-16.55,3.42,-19.97,-0.47
2023-07-12,PIDILITIND,L,1300.1,1309.34,2,eod,09:30,15:10,5.39,18.49,2.77,15.72,0.33
2023-07-13,HCLTECH,L,1106.95,1109.54,3,eod,10:00,15:10,17.79,7.78,3.53,4.25,0.07
2023-07-13,MOTHERSON,S,63.67,63.33,52,eod,10:15,15:10,4.3,17.5,3.5,13.99,0.27
2023-07-17,AMBUJACEM,L,420.41,416.24,7,stop,09:30,11:55,4.2,-29.18,3.1,-32.28,-1.16
2023-07-17,UNITDSPR,L,968.48,971.91,3,eod,11:05,15:10,7.96,10.29,3.09,7.2,0.11
2023-07-19,NTPC,L,194.85,192.4,17,eod,09:30,15:10,9.21,-41.54,3.49,-45.03,-0.6
2023-07-21,HINDUNILVR,S,2638.23,2605.75,1,eod,11:10,15:10,5.52,32.48,2.78,29.69,0.8
2023-07-21,LT,L,2574.04,2584.81,1,eod,12:50,15:10,11.44,10.77,2.74,8.03,0.15
2023-07-21,UNITDSPR,S,977.51,995.5,3,stop,09:30,10:00,10.73,-53.96,3.13,-57.09,-1.09
2023-07-24,IRFC,S,35.48,35.12,93,eod,09:30,15:10,7.65,33.92,3.49,30.43,0.53
2023-07-25,TVSMOTOR,L,1347.67,1384.11,2,eod,11:05,15:10,10.03,72.87,2.9,69.96,1.08
2023-07-25,ITC,S,456.67,462.68,7,eod,09:30,15:10,11.11,-42.07,3.41,-45.48,-0.56
2023-07-26,TVSMOTOR,S,1386.86,1370.94,2,eod,09:50,15:10,5.0,31.84,2.93,28.91,1.06
2023-07-26,SBILIFE,S,1279.36,1293.3,2,eod,09:30,15:10,5.24,-27.87,2.73,-30.6,-0.74
2023-07-27,RECLTD,L,177.79,188.41,18,eod,09:30,15:10,4.03,191.1,3.52,187.59,2.43
2023-07-27,DRREDDY,S,1088.66,1106.55,3,stop,09:30,09:50,8.63,-53.69,3.49,-57.18,-1.1
2023-07-28,MUTHOOTFIN,L,1333.87,1326.49,2,stop,09:35,10:00,12.87,-14.76,2.82,-17.58,-1.31
2023-07-28,TORNTPHARM,S,1987.06,1990.94,1,eod,10:05,15:10,6.59,-3.89,2.11,-6.0,-0.13
2023-07-28,BEL,S,129.14,130.27,25,eod,09:45,15:10,8.02,-28.24,3.44,-31.68,-0.5
2023-07-31,COALINDIA,L,229.41,227.49,14,stop,09:55,13:25,5.6,-27.0,3.39,-30.39,-1.2
2023-07-31,GAIL,S,119.84,122.71,27,stop,09:50,10:50,10.15,-77.52,3.46,-80.99,-1.07
2023-08-01,DLF,S,505.1,500.25,6,eod,10:10,15:10,11.94,29.08,3.2,25.88,0.68
2023-08-01,IRFC,L,39.77,40.63,83,eod,10:00,15:10,8.68,71.36,3.55,67.82,0.84
2023-08-02,CHOLAFIN,L,1116.86,1089.55,2,stop,09:30,09:50,8.89,-54.61,2.33,-56.94,-1.06
2023-08-02,COALINDIA,S,240.38,234.67,13,eod,09:55,15:10,10.79,74.26,3.28,70.98,1.97
2023-08-02,TVSMOTOR,S,1367.77,1380.64,2,eod,13:20,15:10,4.42,-25.75,2.91,-28.66,-0.51
2023-08-03,VEDL,S,95.92,95.29,34,eod,09:30,15:10,137.57,21.57,3.45,18.12,0.3
2023-08-04,CUMMINSIND,L,1881.94,1847.03,1,stop,09:30,10:30,6.22,-34.91,1.97,-36.89,-1.09
2023-08-07,M&M,L,1502.85,1526.54,2,eod,09:30,15:10,6.05,47.37,3.22,44.15,1.07
2023-08-08,PFC,L,220.03,215.89,15,stop,09:30,10:45,5.05,-62.07,3.46,-65.53,-1.08
2023-08-08,TORNTPHARM,S,2045.48,2036.47,1,eod,10:05,15:10,4.86,9.01,2.17,6.84,0.14
2023-08-09,SBILIFE,S,1353.12,1350.68,2,eod,11:55,15:10,5.18,4.9,2.87,2.03,0.05
2023-08-09,ADANIPORTS,L,804.65,785.21,4,stop,09:30,12:40,6.48,-77.78,3.36,-81.14,-1.06
2023-08-09,COALINDIA,L,234.32,231.83,14,stop,09:45,10:20,6.82,-34.76,3.46,-38.22,-1.15
2023-08-10,TRENT,L,1222.96,1265.37,2,eod,09:30,15:10,16.22,84.81,2.65,82.16,1.39
2023-08-11,MOTHERSON,L,65.98,65.17,50,eod,10:30,15:10,5.01,-40.78,3.47,-44.25,-0.64
2023-08-11,CUMMINSIND,S,1760.17,1740.82,1,eod,09:30,15:10,8.69,19.35,1.86,17.49,0.42
2023-08-14,ADANIPORTS,S,772.91,791.4,4,stop,09:30,14:20,8.05,-73.93,3.31,-77.24,-1.07
2023-08-17,ADANIPOWER,L,57.68,56.42,57,stop,09:50,11:30,4.5,-71.65,3.44,-75.09,-1.07
2023-08-17,MUTHOOTFIN,L,1264.68,1253.42,2,eod,12:50,15:10,6.33,-22.52,2.67,-25.19,-0.92
2023-08-18,ZYDUSLIFE,S,648.93,648.92,5,eod,10:30,15:10,6.66,0.01,3.44,-3.44,-0.07
2023-08-22,LODHA,S,701.0,695.75,4,eod,09:30,15:10,5.39,21.01,2.96,18.04,0.6
2023-08-22,ADANIENSOL,L,968.93,944.63,3,stop,09:30,10:10,4.76,-72.92,3.04,-75.96,-1.06
2023-08-24,HAL,S,2024.49,1982.82,1,eod,10:00,15:10,8.64,41.67,2.13,39.54,0.92
2023-08-25,BEL,S,135.38,133.42,24,eod,10:20,15:10,4.38,47.17,3.43,43.75,0.88
2023-08-30,TVSMOTOR,L,1418.56,1413.99,2,eod,09:35,15:10,4.88,-9.13,3.0,-12.14,-0.18
2023-08-31,INDHOTEL,S,420.14,421.66,7,eod,09:50,15:10,9.19,-10.65,3.12,-13.77,-0.37
2023-09-01,ONGC,L,178.84,181.56,18,eod,09:40,15:10,4.21,48.96,3.45,45.51,0.57
2023-09-05,TORNTPHARM,L,1869.73,1873.01,1,eod,09:35,15:10,4.13,3.28,1.98,1.29,0.04
2023-09-05,CGPOWER,S,439.13,437.62,7,eod,12:15,15:10,4.08,10.58,3.26,7.33,0.1
2023-09-06,SBILIFE,L,1318.46,1309.1,2,stop,09:30,12:40,9.88,-18.73,2.78,-21.51,-1.24
2023-09-07,TATACONSUM,S,854.67,859.08,3,eod,09:30,15:10,15.95,-13.22,2.72,-15.95,-0.43
2023-09-08,BAJAJFINSV,L,1549.62,1541.73,2,eod,09:30,15:10,4.15,-15.79,3.28,-19.07,-0.39
2023-09-11,IOC,S,94.3,95.2,35,eod,09:50,15:10,4.15,-31.32,3.51,-34.83,-0.6
2023-09-12,LODHA,S,809.3,784.64,4,eod,09:30,15:10,4.35,98.61,3.39,95.22,2.73
2023-09-12,HINDUNILVR,S,2511.74,2501.25,1,eod,09:35,15:10,4.52,10.49,2.66,7.83,0.21
2023-09-12,LT,L,2999.25,2938.68,1,stop,09:35,15:05,7.39,-60.57,3.14,-63.71,-1.08
2023-09-14,BANKBARODA,S,209.65,212.06,15,stop,09:30,09:35,4.48,-36.16,3.35,-39.51,-1.14
2023-09-14,TITAN,L,3300.4,3258.47,1,stop,09:30,10:30,4.14,-41.93,3.47,-45.4,-1.13
2023-09-15,HINDUNILVR,S,2472.76,2470.73,1,eod,09:35,15:10,4.46,2.03,2.62,-0.59,-0.04
2023-09-20,M&M,L,1658.83,1633.98,2,eod,09:30,15:10,12.28,-49.69,3.49,-53.18,-0.69
2023-09-20,HDFCBANK,S,787.61,781.64,4,eod,09:40,15:10,6.65,23.86,3.33,20.53,0.43
2023-09-22,GODREJCP,S,981.96,988.49,3,stop,09:30,13:50,19.96,-19.61,3.13,-22.74,-1.25
2023-09-26,TRENT,L,1455.53,1434.43,2,eod,09:30,15:10,6.01,-42.19,3.06,-45.25,-0.84
2023-10-03,HINDZINC,S,305.85,307.05,10,eod,09:50,15:10,4.36,-12.06,3.25,-15.31,-0.27
2023-10-06,BAJAJFINSV,L,1589.79,1635.58,2,eod,11:00,15:10,4.53,91.57,3.43,88.14,1.14
2023-10-06,JINDALSTEL,S,684.76,683.64,4,eod,11:00,15:10,4.78,4.46,2.9,1.56,0.03
2023-10-06,INDIGO,S,2504.4,2537.32,1,eod,09:30,15:10,9.73,-32.92,2.67,-35.59,-0.56
2023-10-10,TVSMOTOR,L,1552.58,1527.79,2,eod,09:50,15:10,4.72,-49.58,3.26,-52.84,-0.88
2023-10-10,DLF,L,552.78,561.87,6,eod,09:30,15:10,6.01,54.56,3.55,51.0,0.92
2023-10-13,TATACONSUM,L,905.4,913.79,3,eod,09:40,15:10,5.37,25.17,2.9,22.27,0.46
2023-10-13,INFY,L,1434.72,1429.63,2,eod,09:30,15:10,7.24,-10.16,3.04,-13.2,-0.32
2023-10-13,GAIL,S,128.94,128.21,25,eod,12:05,15:10,6.04,18.04,3.41,14.62,0.18
2023-10-18,CIPLA,L,1200.1,1207.7,2,eod,09:40,15:10,8.86,15.19,2.56,12.64,0.26
2023-10-19,WIPRO,L,198.3,197.65,16,eod,12:10,15:10,5.44,-10.37,3.36,-13.73,-0.34
2023-10-20,HINDUNILVR,S,2494.95,2496.35,1,eod,10:15,15:10,5.7,-1.4,2.65,-4.04,-0.12
2023-10-26,TECHM,S,1099.45,1118.01,3,stop,09:30,15:10,6.22,-55.68,3.52,-59.2,-1.1
2023-10-27,ITC,S,433.38,435.87,7,stop,09:35,09:45,8.08,-17.39,3.22,-20.62,-1.3
2023-10-30,BPCL,L,171.09,173.61,19,eod,09:40,15:10,5.13,48.03,3.48,44.55,0.94
2023-10-31,DLF,L,569.58,564.02,5,eod,09:30,15:10,5.66,-27.83,3.0,-30.84,-0.57
2023-10-31,TVSMOTOR,S,1608.9,1591.35,2,eod,09:30,15:10,4.82,35.1,3.4,31.7,0.76
2023-11-01,IOC,L,92.1,92.4,36,eod,10:05,15:10,11.45,11.08,3.52,7.56,0.13
2023-11-01,LT,S,2937.98,2899.75,1,eod,09:30,15:10,6.09,38.23,3.1,35.13,0.78
2023-11-02,GODREJCP,S,979.61,991.85,3,eod,11:00,15:10,9.06,-36.71,3.13,-39.84,-0.6
2023-11-02,TATASTEEL,L,117.16,117.89,28,eod,13:00,15:10,6.49,20.51,3.49,17.02,0.28
2023-11-03,TMPV,S,647.23,647.72,5,eod,09:30,15:10,4.59,-2.49,3.43,-5.92,-0.12
2023-11-08,ZYDUSLIFE,L,612.81,624.49,5,eod,09:30,15:10,8.67,58.41,3.29,55.12,0.75
2023-11-08,BPCL,L,191.3,191.9,17,eod,09:30,15:10,4.66,10.34,3.46,6.89,0.11
2023-11-08,IOC,S,104.85,103.55,31,eod,09:50,15:10,5.63,40.17,3.43,36.74,0.62
2023-11-09,PIDILITIND,S,1230.03,1230.36,2,eod,09:30,15:10,4.42,-0.66,2.61,-3.27,-0.08
2023-11-09,UNITDSPR,L,1098.05,1093.8,3,eod,09:30,15:10,4.31,-12.74,3.49,-16.22,-0.22
2023-11-10,UNITDSPR,S,1041.13,1044.82,3,eod,09:35,15:10,4.46,-11.08,3.32,-14.4,-0.27
2023-11-10,MUTHOOTFIN,L,1241.47,1271.36,2,eod,09:45,15:10,23.45,59.79,2.67,57.12,1.21
2023-11-10,HAL,L,2079.34,2040.98,1,stop,11:15,13:50,4.81,-38.36,2.18,-40.54,-1.09
2023-11-13,COALINDIA,L,337.87,349.03,9,eod,09:45,15:10,7.41,100.41,3.29,97.12,1.45
2023-11-16,BAJFINANCE,L,709.8,735.33,4,eod,09:45,15:10,10.51,102.11,3.08,99.03,1.61
2023-11-16,BAJAJFINSV,L,1573.24,1616.89,2,eod,09:30,15:10,5.2,87.31,3.39,83.92,1.36
2023-11-16,ONGC,S,200.95,201.75,16,eod,09:35,15:10,5.98,-12.82,3.41,-16.24,-0.42
2023-11-17,TVSMOTOR,L,1712.86,1745.88,1,eod,13:00,15:10,4.24,33.02,1.84,31.18,1.72
2023-11-17,SBIN,S,565.92,563.68,5,eod,10:15,15:10,5.61,11.18,3.0,8.18,0.27
2023-11-20,CHOLAFIN,L,1135.37,1125.14,2,eod,09:30,15:10,4.37,-20.46,2.39,-22.86,-0.78
2023-11-23,INDIGO,L,2614.81,2607.95,1,eod,11:40,15:10,4.26,-6.86,2.77,-9.63,-0.35
2023-11-24,CIPLA,S,1186.81,1202.65,2,stop,09:35,11:20,8.56,-31.69,2.53,-34.22,-1.12
2023-11-28,HAL,S,2277.31,2287.14,1,eod,12:15,15:10,5.47,-9.83,2.42,-12.25,-0.22
2023-11-28,AMBUJACEM,L,427.16,431.68,7,eod,09:40,15:10,6.28,31.64,3.19,28.45,0.41
2023-11-28,ADANIPORTS,L,822.21,837.98,4,eod,09:30,15:10,7.24,63.08,3.53,59.55,0.93
2023-11-29,ADANIENT,S,2440.78,2400.25,1,eod,09:30,15:10,6.43,40.53,2.57,37.96,1.06
2023-11-29,ADANIPORTS,S,839.58,835.42,3,eod,09:35,15:10,7.09,12.49,2.67,9.82,0.38
2023-11-30,SBILIFE,L,1433.82,1435.63,2,eod,09:40,15:10,5.11,3.63,3.04,0.59,0.01
2023-11-30,RELIANCE,S,1192.7,1190.09,2,eod,09:30,15:10,5.02,5.22,2.53,2.69,0.23
2023-12-01,NTPC,L,269.28,268.82,12,eod,09:40,15:10,4.75,-5.63,3.42,-9.05,-0.13
2023-12-01,BEL,L,148.57,147.33,22,eod,09:45,15:10,6.68,-27.45,3.45,-30.9,-0.89
2023-12-04,AMBUJACEM,L,462.23,473.66,7,eod,10:00,15:10,7.65,80.02,3.48,76.54,1.27
2023-12-04,ICICIBANK,L,973.89,992.3,3,eod,09:30,15:10,6.32,55.25,3.13,52.12,2.12
2023-12-05,AXISBANK,L,1147.92,1127.44,2,stop,09:50,14:00,4.4,-40.98,2.41,-43.38,-1.09
2023-12-06,HINDZINC,S,328.84,325.91,10,eod,09:30,15:10,6.16,29.23,3.47,25.75,0.81
2023-12-06,AMBUJACEM,S,512.19,501.95,6,eod,09:30,15:10,12.1,61.46,3.23,58.22,0.85
2023-12-07,HINDUNILVR,S,2504.75,2520.11,1,eod,09:30,15:10,9.34,-15.36,2.66,-18.03,-0.59
2023-12-07,BEL,L,161.13,160.22,20,eod,09:30,15:10,9.43,-18.21,3.41,-21.62,-0.38
2023-12-07,BHARTIARTL,S,1003.45,1000.6,3,eod,09:45,15:10,19.52,8.54,3.19,5.36,0.13
2023-12-08,JSWSTEEL,L,841.42,838.18,3,eod,09:30,15:10,6.53,-9.72,2.67,-12.39,-0.23
2023-12-08,ZYDUSLIFE,S,657.92,638.72,5,eod,09:35,15:10,4.59,96.01,3.45,92.56,3.1
2023-12-11,DRREDDY,L,1096.35,1094.1,3,eod,10:55,15:10,12.37,-6.74,3.48,-10.22,-0.16
2023-12-11,MOTHERSON,L,64.93,64.62,51,eod,10:00,15:10,6.65,-16.05,3.5,-19.55,-0.31
2023-12-11,MAZDOCK,S,1062.62,1059.83,3,eod,09:55,15:10,4.96,8.37,3.38,4.99,0.09
2023-12-12,HDFCLIFE,L,690.29,709.15,4,eod,11:00,15:10,4.67,75.4,2.98,72.42,1.27
2023-12-12,JINDALSTEL,S,727.64,738.37,4,stop,09:30,10:30,9.02,-42.93,3.1,-46.04,-1.11
2023-12-14,HCLTECH,L,1414.61,1413.29,2,eod,09:30,15:10,4.23,-2.63,3.0,-5.63,-0.09
2023-12-14,TECHM,L,1253.03,1263.12,2,eod,09:30,15:10,6.26,20.18,2.67,17.51,0.48
2023-12-18,JSWSTEEL,L,854.03,853.82,3,eod,09:30,15:10,7.74,-0.61,2.72,-3.33,-0.06
2023-12-19,VEDL,S,98.41,98.17,33,eod,09:40,15:10,4.51,7.98,3.44,4.54,0.14
2023-12-21,DLF,L,685.99,692.95,4,eod,11:55,15:10,4.06,27.84,2.93,24.91,0.4
2023-12-26,WIPRO,L,230.11,234.98,14,eod,10:05,15:10,4.95,68.14,3.46,64.68,1.14
2023-12-28,CANBK,S,88.01,88.24,37,eod,12:10,15:10,5.93,-8.81,3.46,-12.27,-0.25
2023-12-29,GAIL,L,161.63,161.77,20,eod,09:40,15:10,4.32,2.77,3.43,-0.66,-0.01
2024-01-04,BAJFINANCE,L,768.73,769.02,4,eod,09:30,15:10,5.78,1.12,3.26,-2.14,-0.04
2024-01-04,INDHOTEL,S,451.52,455.08,7,stop,09:30,10:15,4.26,-24.87,3.36,-28.24,-1.21
2024-01-05,HAL,L,3038.92,2968.66,1,stop,10:30,14:15,4.62,-70.25,3.18,-73.43,-1.07
2024-01-05,TVSMOTOR,S,1988.81,1980.99,1,eod,09:45,15:10,4.8,7.82,2.11,5.71,0.25
2024-01-05,JIOFIN,S,244.38,244.12,13,eod,10:45,15:10,5.19,3.32,3.37,-0.04,-0.0
2024-01-10,SBILIFE,L,1480.89,1451.82,2,stop,09:30,13:40,4.61,-58.13,3.1,-61.24,-1.08
2024-01-10,CIPLA,L,1315.31,1329.34,2,eod,10:20,15:10,4.34,28.06,2.81,25.25,0.62
2024-01-11,SHRIRAMFIN,L,453.63,455.97,7,eod,09:35,15:10,4.61,16.42,3.38,13.04,0.19
2024-01-12,INFY,L,1583.69,1611.34,2,eod,09:30,15:10,6.19,55.3,3.39,51.91,0.92
2024-01-12,JIOFIN,L,256.98,254.87,12,eod,09:30,15:10,4.53,-25.27,3.25,-28.53,-0.74
2024-01-15,HCLTECH,S,1581.66,1587.59,2,eod,09:50,15:10,11.26,-11.87,3.36,-15.23,-0.22
2024-01-15,HDFCLIFE,S,621.39,614.51,5,eod,09:30,15:10,6.46,34.41,3.28,31.13,0.4
2024-01-16,HDFCLIFE,S,609.2,616.06,5,stop,09:30,09:55,5.36,-34.31,3.24,-37.56,-1.15
2024-01-16,JIOFIN,S,252.27,249.07,13,eod,10:25,15:10,6.13,41.59,3.46,38.13,0.52
2024-01-17,ICICIBANK,S,987.31,981.89,3,eod,11:05,15:10,6.58,16.25,3.13,13.11,0.21
2024-01-17,HDFCBANK,S,784.61,771.59,4,eod,11:20,15:10,13.49,52.09,3.31,48.78,0.9
2024-01-17,KOTAKBANK,S,363.47,356.33,9,eod,09:30,15:10,4.88,64.26,3.44,60.82,1.97
2024-01-18,POWERGRID,L,231.47,233.43,14,eod,10:00,15:10,4.54,27.55,3.45,24.09,0.32
2024-01-18,HDFCBANK,S,740.18,742.97,4,eod,14:05,15:10,7.32,-11.17,3.14,-14.31,-0.21
2024-01-23,PIDILITIND,S,1316.84,1261.98,2,eod,09:30,15:10,5.97,109.72,2.75,106.97,1.9
2024-01-23,BHARTIARTL,L,1153.53,1158.02,2,eod,09:35,15:10,8.49,8.99,2.45,6.54,0.18
2024-01-23,ICICIBANK,S,1037.38,1030.77,3,eod,10:05,15:10,8.44,19.85,3.29,16.56,0.25
2024-01-24,PIDILITIND,S,1297.45,1295.6,2,eod,09:35,15:10,22.22,3.71,2.75,0.96,0.02
2024-01-25,VBL,S,495.4,502.15,6,eod,10:15,15:10,7.52,-40.49,3.17,-43.66,-0.69
2024-01-25,TECHM,S,1322.84,1322.31,2,eod,11:15,15:10,6.96,1.05,2.81,-1.75,-0.03
2024-01-30,GAIL,L,175.09,171.71,19,stop,10:30,14:40,4.27,-64.09,3.49,-67.58,-1.08
2024-01-30,BAJFINANCE,S,684.06,682.59,4,eod,11:55,15:10,7.17,5.87,2.9,2.97,0.05
2024-01-31,POWERGRID,L,254.28,259.07,13,eod,09:30,15:10,5.8,62.31,3.55,58.77,2.54
2024-01-31,HCLTECH,L,1562.38,1574.31,2,eod,09:30,15:10,11.03,23.86,3.33,20.53,0.65
2024-01-31,DRREDDY,L,1193.4,1224.34,2,eod,10:10,15:10,5.13,61.88,2.57,59.31,1.01
2024-02-01,JINDALSTEL,S,756.82,742.12,4,eod,09:30,15:10,4.2,58.8,3.19,55.62,1.4
2024-02-02,INDHOTEL,S,503.8,499.85,6,eod,10:25,15:10,9.7,23.69,3.2,20.49,0.28
2024-02-05,PIDILITIND,L,1281.14,1277.66,2,eod,09:30,15:10,5.51,-6.96,2.71,-9.67,-0.19
2024-02-05,SBIN,L,650.22,642.68,5,eod,09:30,15:10,4.3,-37.73,3.42,-41.16,-0.73
2024-02-07,IOC,S,185.61,189.59,17,stop,09:40,09:50,4.03,-67.79,3.37,-71.16,-1.08
2024-02-13,COALINDIA,L,444.72,451.52,7,eod,10:25,15:10,5.11,47.61,3.33,44.28,0.59
2024-02-14,HINDALCO,S,507.95,507.9,6,eod,09:30,15:10,5.02,0.25,3.23,-2.98,-0.06
2024-02-21,LODHA,L,1129.81,1133.58,2,eod,09:30,15:10,17.02,7.54,2.4,5.14,0.13
2024-02-21,HINDALCO,S,522.89,513.36,6,eod,09:30,15:10,5.33,57.19,3.3,53.89,0.74
2024-02-21,JSWSTEEL,L,841.07,830.63,3,eod,09:40,15:10,4.95,-31.31,2.66,-33.96,-0.56
2024-02-22,GRASIM,S,2219.84,2200.55,1,eod,09:30,15:10,6.34,19.29,2.35,16.94,0.7
2024-02-28,UNITDSPR,L,1153.93,1147.68,2,stop,09:30,11:45,10.27,-12.5,2.44,-14.94,-1.32
2024-03-04,NTPC,L,354.13,353.17,9,eod,10:20,15:10,5.32,-8.58,3.37,-11.96,-0.18
2024-03-04,TATASTEEL,S,151.47,153.23,22,eod,09:55,15:10,4.17,-38.55,3.55,-42.1,-0.56
2024-03-06,MOTHERSON,S,80.81,80.69,41,eod,09:35,15:10,311.11,4.89,3.51,1.38,0.02
2024-03-06,TORNTPHARM,L,2731.36,2665.42,1,stop,09:30,10:25,5.3,-65.95,2.85,-68.8,-1.06
2024-03-06,INDIGO,S,3134.88,3069.58,1,eod,09:30,15:10,16.19,65.3,3.3,62.0,1.0
2024-03-07,PIDILITIND,L,1439.72,1435.18,2,eod,09:30,15:10,9.49,-9.07,3.05,-12.12,-0.21
2024-03-07,M&M,S,1885.26,1898.85,1,eod,10:45,15:10,10.7,-13.59,2.0,-15.6,-0.35
2024-03-11,SBILIFE,S,1516.39,1533.17,2,eod,11:20,15:10,4.98,-33.55,3.23,-36.78,-0.79
2024-03-11,CUMMINSIND,L,2835.07,2788.61,1,stop,09:55,15:10,5.86,-46.46,2.98,-49.44,-1.1
2024-03-12,ITC,S,399.3,405.0,8,eod,09:40,15:10,6.49,-45.62,3.41,-49.02,-0.85
2024-03-18,AMBUJACEM,S,582.81,585.24,5,eod,11:30,15:10,5.19,-12.17,3.1,-15.27,-0.25
2024-03-18,HINDUNILVR,S,2308.85,2300.15,1,eod,09:35,15:10,4.71,8.7,2.44,6.25,0.42
2024-03-19,CHOLAFIN,L,1054.03,1046.48,3,eod,09:50,15:10,5.18,-22.65,3.34,-25.99,-0.62
2024-03-20,GODREJCP,S,1193.5,1205.35,2,stop,09:30,13:30,6.8,-23.7,2.54,-26.24,-1.17
2024-03-20,TVSMOTOR,S,2054.62,2032.02,1,eod,09:40,15:10,4.43,22.61,2.17,20.44,0.41
2024-03-22,WIPRO,S,240.03,244.72,13,stop,09:30,11:30,4.75,-61.0,3.33,-64.34,-1.08
2024-03-22,INFY,L,1521.76,1506.3,2,eod,10:10,15:10,4.43,-30.93,3.21,-34.14,-0.74
2024-03-26,HDFCLIFE,S,634.78,627.76,5,eod,09:30,15:10,10.04,35.09,3.35,31.74,0.81
2024-03-26,HCLTECH,S,1558.52,1564.13,2,eod,09:35,15:10,4.2,-11.22,3.31,-14.53,-0.22
2024-04-02,ADANIPORTS,S,1393.9,1405.4,2,eod,13:15,15:10,4.5,-23.0,2.97,-25.97,-0.43
2024-04-03,KOTAKBANK,S,346.88,346.17,9,eod,12:35,15:10,4.4,6.33,3.31,3.02,0.09
2024-04-03,HINDZINC,L,326.41,328.34,10,eod,09:30,15:10,18.0,19.23,3.47,15.75,0.29
2024-04-04,HDFCBANK,L,763.38,763.12,4,eod,13:10,15:10,4.53,-1.05,3.24,-4.29,-0.09
2024-04-04,HINDZINC,S,334.28,340.02,9,stop,09:30,10:50,10.19,-51.63,3.21,-54.85,-1.09
2024-04-04,VEDL,S,114.19,115.41,29,eod,09:30,15:10,4.26,-35.23,3.53,-38.76,-0.48
2024-04-08,WIPRO,S,239.48,240.12,13,eod,10:35,15:10,5.1,-8.32,3.3,-11.62,-0.15
2024-04-12,SUNPHARMA,S,1557.27,1540.82,2,eod,10:30,15:10,6.29,32.9,3.29,29.61,0.39
2024-04-12,UNITDSPR,L,1201.6,1187.86,2,stop,10:10,11:10,4.6,-27.49,2.53,-30.02,-1.14
2024-04-12,HINDALCO,S,600.6,598.55,5,eod,09:30,15:10,5.8,10.25,3.18,7.07,0.17
2024-04-15,HINDALCO,S,607.95,618.11,5,stop,09:30,10:35,4.79,-50.82,3.24,-54.06,-1.1
2024-04-18,AMBUJACEM,S,624.14,612.56,5,eod,09:40,15:10,5.65,57.91,3.29,54.62,0.8
2024-04-18,MOTHERSON,L,85.44,83.96,39,stop,09:35,14:40,6.52,-57.9,3.5,-61.4,-1.09
2024-04-19,INFY,L,1401.6,1410.54,2,eod,10:00,15:10,5.99,17.89,2.98,14.9,0.33
2024-04-19,ONGC,S,274.01,275.64,12,eod,11:15,15:10,4.34,-19.5,3.5,-22.99,-0.28
2024-04-25,AXISBANK,L,1104.75,1126.79,3,eod,09:30,15:10,5.71,66.1,3.56,62.55,1.12
2024-04-25,KOTAKBANK,S,329.93,328.66,10,eod,09:30,15:10,39.61,12.71,3.49,9.21,0.1
2024-04-26,BAJFINANCE,S,686.91,673.54,4,eod,09:30,15:10,6.92,53.48,2.89,50.59,0.97
2024-04-29,SBILIFE,S,1428.39,1424.86,2,eod,10:55,15:10,9.17,7.05,3.03,4.02,0.06
2024-05-02,GRASIM,L,2444.52,2435.98,1,eod,09:30,15:10,4.63,-8.54,2.59,-11.13,-0.26
2024-05-03,RECLTD,L,563.88,557.42,5,eod,09:55,15:10,5.38,-32.3,2.97,-35.27,-0.67
2024-05-03,BAJFINANCE,S,722.24,693.5,4,eod,10:20,15:10,7.11,114.97,3.02,111.95,1.58
2024-05-07,HINDUNILVR,L,2316.16,2378.91,1,eod,09:30,15:10,4.57,62.75,2.5,60.26,1.05
2024-05-10,SHRIRAMFIN,L,479.64,469.17,6,stop,09:30,13:25,7.86,-62.85,3.01,-65.86,-1.07
2024-05-10,BPCL,S,304.35,309.05,10,eod,09:30,15:10,5.15,-47.07,3.25,-50.31,-0.76
2024-05-15,CIPLA,S,1391.5,1423.56,2,stop,09:30,10:15,9.83,-64.12,2.98,-67.09,-1.07
2024-05-17,BEL,S,240.03,244.12,13,stop,09:30,10:40,5.57,-53.2,3.33,-56.53,-1.1
2024-05-27,ADANIPORTS,S,1429.29,1433.57,2,eod,09:45,15:10,5.29,-8.56,3.03,-11.6,-0.21
2024-06-03,SBIN,L,877.64,905.8,3,eod,09:55,15:10,5.79,84.47,2.85,81.63,1.3
2024-06-03,BAJAJFINSV,L,1583.09,1575.46,2,eod,10:45,15:10,4.61,-15.26,3.35,-18.61,-0.35
2024-06-05,TATACONSUM,L,1120.36,1142.63,2,eod,09:30,15:10,4.55,44.54,2.4,42.13,0.77
2024-06-07,TECHM,L,1354.68,1377.91,2,eod,09:40,15:10,4.12,46.47,2.9,43.56,0.79
2024-06-12,HCLTECH,S,1447.83,1439.22,2,eod,09:30,15:10,4.2,17.21,3.06,14.15,0.29
2024-06-13,SBILIFE,S,1455.27,1452.88,2,eod,09:40,15:10,4.51,4.79,3.08,1.71,0.04
2024-06-27,GRASIM,L,2616.16,2642.43,1,eod,09:35,15:10,5.49,26.27,2.79,23.48,0.37
2024-06-28,PNB,L,123.01,123.09,27,eod,09:30,15:10,5.12,2.08,3.52,-1.45,-0.02
2024-07-03,HDFCBANK,S,883.61,885.54,3,eod,14:15,15:10,8.58,-5.8,2.81,-8.62,-0.21
2024-07-05,ZYDUSLIFE,L,1159.23,1162.57,2,eod,09:35,15:10,4.57,6.68,2.46,4.22,0.1
2024-07-08,TITAN,S,3133.03,3156.28,1,eod,09:45,15:10,6.21,-23.24,3.33,-26.58,-0.37
2024-07-15,GRASIM,S,2807.25,2804.9,1,eod,09:30,15:10,5.48,2.34,2.98,-0.63,-0.01
2024-07-16,HDFCAMC,S,2092.25,2041.27,1,eod,09:50,15:10,4.14,50.98,2.2,48.79,1.04
2024-07-18,HINDUNILVR,L,2701.35,2736.13,1,eod,09:50,15:10,5.37,34.78,2.89,31.89,0.69
2024-07-18,MUTHOOTFIN,S,1859.82,1850.32,1,eod,09:30,15:10,10.2,9.49,1.97,7.53,0.29
2024-07-18,PIDILITIND,S,1579.06,1597.6,2,eod,09:30,15:10,5.93,-37.08,3.36,-40.44,-0.59
2024-07-19,INFY,S,1805.95,1794.35,1,eod,09:30,15:10,9.3,11.6,1.91,9.69,0.25
2024-07-24,BAJFINANCE,S,655.47,661.78,5,eod,09:45,15:10,8.19,-31.54,3.49,-35.03,-0.7
2024-07-24,HINDUNILVR,S,2691.95,2716.36,1,eod,09:30,15:10,4.82,-24.4,2.86,-27.27,-0.42
2024-07-25,SBILIFE,L,1684.39,1693.7,1,eod,09:35,15:10,12.41,9.31,1.79,7.52,0.19
2024-07-26,TATAPOWER,L,439.72,444.88,7,eod,09:35,15:10,4.7,36.1,3.29,32.82,0.49
2024-07-29,CANBK,L,117.81,115.69,28,eod,11:45,15:10,4.19,-59.27,3.46,-62.73,-0.8
2024-07-31,GAIL,L,246.02,239.87,13,stop,09:40,12:25,11.49,-79.99,3.34,-83.33,-1.06
2024-08-01,COALINDIA,L,540.17,541.28,6,eod,11:55,15:10,9.66,6.66,3.44,3.21,0.04
2024-08-01,JSWSTEEL,S,935.53,935.42,3,eod,10:25,15:10,5.78,0.34,2.98,-2.63,-0.04
2024-08-05,SUNPHARMA,L,1752.28,1718.14,1,stop,09:35,12:55,5.23,-34.14,1.84,-35.97,-1.08
2024-08-06,MOTHERSON,L,123.71,120.59,26,stop,09:35,10:35,5.3,-81.18,3.36,-84.53,-1.06
2024-08-12,AMBUJACEM,L,632.22,634.33,5,eod,10:45,15:10,4.11,10.58,3.36,7.22,0.1
2024-08-12,GRASIM,L,2606.9,2570.31,1,eod,09:40,15:10,6.88,-36.59,2.74,-39.33,-0.76
2024-08-14,HCLTECH,L,1620.81,1624.84,2,eod,12:05,15:10,4.9,8.05,3.44,4.61,0.1
2024-08-16,HINDZINC,L,538.92,526.84,6,stop,09:30,11:55,14.57,-72.5,3.38,-75.88,-1.07
2024-08-19,HINDZINC,L,493.95,495.75,6,eod,09:35,15:10,49.4,10.83,3.15,7.68,0.22
2024-08-20,HINDZINC,L,504.25,511.49,6,eod,12:15,15:10,6.0,43.45,3.24,40.22,0.84
2024-08-21,MUTHOOTFIN,L,1921.16,1916.74,1,eod,09:30,15:10,4.67,-4.42,2.03,-6.45,-0.16
2024-08-22,GRASIM,L,2744.07,2758.02,1,eod,09:30,15:10,4.55,13.95,2.92,11.03,0.21
2024-08-23,AMBUJACEM,S,645.98,634.22,5,eod,09:30,15:10,20.16,58.8,3.4,55.4,0.79
2024-08-26,ZYDUSLIFE,L,1131.42,1107.8,2,stop,09:45,13:55,6.25,-47.24,2.37,-49.61,-1.08
2024-08-27,HCLTECH,S,1718.69,1715.76,1,eod,10:35,15:10,4.77,2.93,1.82,1.11,0.03
2024-08-29,KOTAKBANK,L,359.13,356.47,9,stop,09:35,13:45,5.02,-23.92,3.41,-27.33,-1.22
2024-08-29,RECLTD,S,625.69,625.66,5,eod,10:15,15:10,4.13,0.12,3.32,-3.2,-0.06
2024-08-30,BAJAJFINSV,S,1764.12,1785.04,1,stop,10:00,13:20,4.32,-20.92,1.88,-22.8,-1.14
2024-08-30,RELIANCE,S,1522.44,1512.06,2,eod,09:30,15:10,5.59,20.77,3.22,17.55,0.51
2024-09-03,JIOFIN,S,344.08,352.98,9,stop,09:35,15:05,7.04,-80.09,3.32,-83.4,-1.06
2024-09-04,IOC,L,179.24,176.41,18,stop,09:45,10:55,4.35,-50.9,3.39,-54.29,-1.1
2024-09-04,CHOLAFIN,L,1492.15,1489.11,2,eod,09:50,15:10,4.39,-6.08,3.16,-9.24,-0.16
2024-09-04,PIDILITIND,L,1614.51,1610.09,2,eod,12:05,15:10,5.54,-8.82,3.42,-12.24,-0.21
2024-09-11,TMPV,S,989.06,976.89,3,eod,09:50,15:10,5.32,36.5,3.13,33.37,0.49
2024-09-11,GODREJCP,S,1504.25,1498.15,2,eod,13:00,15:10,6.01,12.2,3.19,9.01,0.12
2024-09-12,CGPOWER,L,701.95,730.03,4,eod,10:35,15:10,4.03,112.34,3.05,109.29,2.92
2024-09-13,MUTHOOTFIN,L,2037.12,2011.14,1,eod,10:00,15:10,4.37,-25.97,2.14,-28.12,-0.76
2024-09-13,MOTHERSON,L,124.21,126.64,26,eod,11:10,15:10,5.01,63.04,3.47,59.57,0.81
2024-09-16,ADANIPOWER,L,133.27,133.48,25,eod,09:35,15:10,4.62,5.42,3.54,1.88,0.02
2024-09-16,ADANIGREEN,L,1871.94,1929.93,1,eod,09:35,15:10,4.07,58.0,2.02,55.98,1.44
2024-09-17,MAXHEALTH,L,940.47,964.72,3,eod,09:30,15:10,7.81,72.74,3.04,69.7,1.62
2024-09-19,NTPC,L,427.71,424.29,7,eod,09:30,15:10,12.05,-23.98,3.16,-27.14,-0.54
2024-09-19,JINDALSTEL,L,1042.42,1017.34,3,stop,09:35,10:25,11.36,-75.24,3.27,-78.51,-1.07
2024-09-20,JSWSTEEL,L,985.04,980.71,3,eod,10:35,15:10,11.34,-13.0,3.13,-16.12,-0.27
2024-09-23,TVSMOTOR,L,2865.08,2819.69,1,stop,09:30,10:05,6.35,-45.39,3.01,-48.4,-1.1
2024-09-24,JSWSTEEL,S,990.55,990.95,3,eod,10:55,15:10,4.83,-1.17,3.15,-4.32,-0.07
2024-09-24,PNB,S,109.85,108.11,30,eod,09:30,15:10,6.48,51.93,3.47,48.46,1.16
2024-09-24,TATASTEEL,L,157.27,160.38,21,eod,09:30,15:10,4.59,65.33,3.54,61.79,1.22
2024-09-27,SUNPHARMA,L,1950.77,1948.98,1,eod,13:25,15:10,6.14,-1.8,2.07,-3.87,-0.11
2024-09-27,INFY,L,1972.99,1927.04,1,stop,09:30,10:05,7.46,-45.95,2.06,-48.01,-1.07
2024-10-01,PNB,L,105.82,105.11,31,eod,09:35,15:10,4.77,-22.18,3.46,-25.64,-0.42
2024-10-01,MUTHOOTFIN,S,1962.12,1959.53,1,eod,10:05,15:10,4.29,2.59,2.08,0.51,0.01
2024-10-03,RELIANCE,S,1435.88,1412.11,2,eod,11:15,15:10,4.12,47.55,3.03,44.53,1.65
2024-10-03,KOTAKBANK,S,370.86,364.78,8,eod,10:00,15:10,4.74,48.66,3.13,45.53,3.02
2024-10-14,WIPRO,S,269.22,272.89,12,stop,09:30,12:20,4.05,-44.05,3.44,-47.5,-1.12
2024-10-15,PIDILITIND,S,1577.81,1581.54,2,eod,10:15,15:10,4.68,-7.46,3.35,-10.81,-0.18
2024-10-16,AMBUJACEM,S,580.71,592.05,5,stop,10:10,14:30,142.05,-56.68,3.1,-59.78,-1.08
2024-10-16,HDFCLIFE,L,727.81,725.59,4,eod,09:30,15:10,7.09,-8.91,3.08,-11.99,-0.23
2024-10-17,SBILIFE,S,1716.24,1705.15,1,eod,09:30,15:10,9.66,11.09,1.82,9.27,0.41
2024-10-18,AXISBANK,L,1172.99,1194.85,2,eod,09:35,15:10,4.64,43.73,2.52,41.22,1.22
2024-10-21,TECHM,S,1727.69,1702.5,1,eod,09:30,15:10,8.94,25.18,1.82,23.36,0.68
2024-10-24,PIDILITIND,L,1605.8,1565.22,2,stop,09:30,11:00,6.59,-81.17,3.35,-84.52,-1.06
2024-10-25,SHRIRAMFIN,S,638.78,618.46,5,eod,09:40,15:10,4.12,101.61,3.34,98.26,1.63
2024-10-29,CHOLAFIN,S,1271.36,1294.6,2,stop,09:55,15:05,5.65,-46.47,2.72,-49.18,-1.09
2024-11-04,PNB,L,101.8,99.72,32,stop,09:30,10:50,4.07,-66.58,3.41,-70.0,-1.08
2024-11-06,ADANIPORTS,L,1331.62,1366.37,2,eod,09:35,15:10,4.53,69.5,2.87,66.63,2.03
2024-11-06,HINDZINC,S,516.84,513.61,6,eod,09:30,15:10,6.25,19.41,3.28,16.13,0.41
2024-11-07,HINDZINC,S,506.8,508.1,6,eod,10:00,15:10,4.04,-7.84,3.23,-11.07,-0.64
2024-11-11,INDHOTEL,L,747.97,730.58,4,stop,09:30,09:55,5.35,-69.56,3.13,-72.69,-1.07
2024-11-12,ASIANPAINT,S,2490.4,2476.39,1,eod,13:15,15:10,4.4,14.02,2.64,11.38,0.26
2024-11-18,GRASIM,L,2538.77,2519.74,1,eod,10:05,15:10,6.89,-19.03,2.68,-21.71,-0.36
2024-11-29,HDFCLIFE,S,659.12,658.33,5,eod,09:30,15:10,5.22,3.96,3.49,0.46,0.01
2024-11-29,SBILIFE,S,1429.29,1439.17,2,eod,09:30,15:10,8.79,-19.77,3.04,-22.81,-0.37
2024-12-03,ITC,L,470.23,472.46,7,eod,10:25,15:10,6.56,15.6,3.5,12.1,0.23
2024-12-04,BEL,S,314.84,313.26,10,eod,09:50,15:10,5.26,15.86,3.33,12.53,0.21
2024-12-12,VEDL,S,193.49,196.16,17,stop,09:40,10:10,4.62,-45.3,3.51,-48.81,-1.12
2024-12-13,IOC,S,142.43,145.07,23,stop,10:10,13:50,4.04,-60.81,3.5,-64.31,-1.09
2024-12-13,SBILIFE,S,1421.34,1429.86,2,eod,09:50,15:10,4.29,-17.05,3.02,-20.07,-0.49
2024-12-17,UNITDSPR,S,1539.23,1563.23,2,stop,09:40,12:00,4.34,-48.0,3.28,-51.29,-1.1
2024-12-19,ASIANPAINT,S,2279.56,2292.85,1,eod,09:50,15:10,4.32,-13.29,2.42,-15.71,-0.35
2024-12-19,DRREDDY,L,1298.65,1324.84,2,eod,09:45,15:10,4.67,52.38,2.79,49.59,0.92
2024-12-23,JSWSTEEL,S,930.98,948.42,3,stop,09:30,11:05,4.38,-52.32,2.98,-55.3,-1.09
2025-01-02,BAJFINANCE,L,714.61,738.53,4,eod,09:35,15:10,5.93,95.69,3.09,92.6,1.32
2025-01-06,BAJFINANCE,L,760.23,741.63,4,stop,09:40,11:20,4.09,-74.4,3.18,-77.58,-1.06
2025-01-07,ONGC,L,264.49,263.4,12,eod,09:30,15:10,5.47,-13.13,3.36,-16.48,-0.21
2025-01-08,ZYDUSLIFE,S,998.9,983.89,3,eod,09:30,15:10,4.07,45.03,3.16,41.87,1.0
2025-01-08,ONGC,S,265.99,270.63,12,stop,09:55,13:55,5.03,-55.66,3.41,-59.07,-1.09
2025-01-13,POWERGRID,L,298.1,291.35,11,stop,09:30,12:35,4.99,-74.19,3.43,-77.62,-1.07
2025-01-16,HINDUNILVR,S,2345.18,2344.97,1,eod,09:40,15:10,5.02,0.2,2.49,-2.28,-0.07
2025-01-17,INFY,S,1830.58,1814.76,1,eod,09:30,15:10,5.52,15.83,1.93,13.89,0.51
2025-01-17,HYUNDAI,L,1780.84,1793.05,1,eod,09:30,15:10,20.17,12.21,1.9,10.32,0.24
2025-01-17,AXISBANK,S,994.65,992.2,3,eod,09:30,15:10,10.99,7.37,3.16,4.21,0.08
2025-01-21,TORNTPHARM,S,3173.41,3196.05,1,stop,09:35,13:55,6.97,-22.63,3.37,-26.01,-1.24
2025-01-23,WIPRO,L,316.51,317.54,10,eod,09:30,15:10,4.31,10.33,3.36,6.97,0.12
2025-01-24,BPCL,S,273.86,263.88,12,eod,09:40,15:10,4.59,119.77,3.43,116.34,1.75
2025-01-29,CIPLA,S,1420.59,1425.61,2,eod,09:45,15:10,6.69,-10.05,3.02,-13.06,-0.19
2025-01-30,BAJAJFINSV,L,1848.27,1809.69,1,stop,09:40,10:30,7.09,-38.58,1.94,-40.51,-1.08
2025-01-31,BEL,L,287.49,292.35,11,eod,09:55,15:10,5.8,53.46,3.39,50.07,0.77
2025-01-31,BANKBARODA,S,213.11,213.37,15,eod,09:35,15:10,7.24,-3.8,3.39,-7.19,-0.09
2025-02-03,ITC,S,456.77,454.83,7,eod,10:35,15:10,5.61,13.61,3.38,10.22,0.17
2025-02-04,RECLTD,L,417.11,427.69,7,eod,09:30,15:10,4.18,74.04,3.14,70.9,1.0
2025-02-05,ASIANPAINT,L,2277.59,2271.86,1,eod,12:10,15:10,10.05,-5.72,2.41,-8.14,-0.2
2025-02-11,ADANIENT,L,2365.63,2308.89,1,stop,09:30,14:05,4.01,-56.74,2.47,-59.21,-1.07
2025-02-12,MAXHEALTH,L,1011.36,1006.25,3,eod,11:25,15:10,9.46,-15.33,3.21,-18.53,-0.28
2025-02-13,KOTAKBANK,L,397.75,394.45,8,eod,10:15,15:10,6.71,-26.37,3.36,-29.73,-0.66
2025-02-13,DRREDDY,L,1243.42,1222.84,2,eod,09:30,15:10,13.04,-41.17,2.61,-43.78,-0.83
2025-02-14,HINDALCO,S,603.7,605.5,5,eod,09:30,15:10,5.16,-9.02,3.2,-12.23,-0.2
2025-02-19,VBL,L,464.58,475.96,7,eod,09:30,15:10,5.28,79.66,3.5,76.16,1.04
2025-02-21,GODREJCP,S,1063.37,1053.78,3,eod,12:30,15:10,9.32,28.77,3.37,25.4,0.51
2025-02-27,TECHM,S,1574.21,1589.64,2,eod,13:20,15:10,5.62,-30.86,3.35,-34.22,-0.8
2025-02-27,ADANIPOWER,S,100.05,99.5,33,eod,09:40,15:10,4.03,18.16,3.49,14.66,0.19
2025-03-06,GODREJCP,L,1017.81,1029.53,3,eod,09:50,15:10,4.08,35.18,3.26,31.92,0.54
2025-03-10,TATAPOWER,L,361.98,354.07,9,stop,11:45,14:15,4.18,-71.17,3.41,-74.58,-1.07
2025-03-13,ONGC,S,226.65,225.56,14,eod,11:25,15:10,4.05,15.17,3.36,11.82,0.22
2025-03-18,TATACONSUM,L,946.92,945.73,3,eod,09:35,15:10,4.09,-3.59,3.01,-6.6,-0.25
2025-03-19,NTPC,L,341.97,341.38,9,eod,09:30,15:10,5.12,-5.33,3.26,-8.59,-0.17
2025-03-21,BAJFINANCE,S,887.46,893.15,3,eod,10:00,15:10,4.23,-17.07,2.83,-19.9,-0.31
2025-03-21,UNITDSPR,S,1389.31,1393.95,2,eod,11:10,15:10,6.27,-9.28,2.95,-12.23,-0.2
2025-03-24,SBILIFE,L,1573.79,1567.52,2,eod,09:30,15:10,4.47,-12.54,3.33,-15.87,-0.25
2025-03-24,TECHM,S,1414.29,1430.01,2,stop,09:30,09:50,7.82,-31.44,3.01,-34.46,-1.15
2025-03-25,AMBUJACEM,L,532.22,520.59,6,eod,09:30,15:10,5.52,-69.76,3.34,-73.1,-1.02
2025-04-04,BPCL,S,289.01,279.39,11,eod,09:30,15:10,4.05,105.77,3.33,102.45,1.39
2025-04-07,GRASIM,S,2507.25,2512.46,1,eod,10:10,15:10,4.08,-5.21,2.66,-7.87,-0.15
2025-04-08,TORNTPHARM,S,3193.35,3244.57,1,eod,10:45,15:10,4.04,-51.22,3.41,-54.63,-0.71
2025-04-17,WIPRO,L,237.22,237.08,14,eod,13:55,15:10,6.23,-1.92,3.52,-5.44,-0.08
2025-04-17,ZYDUSLIFE,S,826.59,832.92,4,eod,09:30,15:10,4.11,-25.32,3.52,-28.84,-0.57
2025-04-25,ADANIENSOL,S,958.42,916.86,3,eod,09:30,15:10,5.84,124.69,3.0,121.69,1.8
2025-04-30,BPCL,S,316.09,310.1,10,eod,09:35,15:10,4.0,59.87,3.33,56.54,0.89
2025-04-30,AMBUJACEM,L,546.22,540.23,6,eod,09:30,15:10,15.19,-35.96,3.45,-39.41,-0.5
2025-05-08,COALINDIA,L,394.95,386.91,8,stop,09:30,10:55,4.18,-64.33,3.31,-67.64,-1.08
2025-05-09,DLF,S,635.93,629.01,5,eod,09:30,15:10,4.23,34.59,3.36,31.23,0.41
2025-05-13,SUNPHARMA,S,1710.14,1701.65,1,eod,09:45,15:10,4.18,8.49,1.81,6.68,0.17
2025-05-14,CIPLA,L,1501.85,1493.15,2,eod,09:30,15:10,4.4,-17.39,3.17,-20.57,-0.38
2025-05-15,ADANIGREEN,S,956.97,968.18,3,eod,09:45,15:10,4.67,-33.64,3.06,-36.7,-0.77
2025-05-15,TATAPOWER,S,394.35,398.3,8,eod,09:40,15:10,6.88,-31.57,3.36,-34.93,-0.45
2025-05-16,BHARTIARTL,S,1811.59,1813.91,1,eod,09:55,15:10,60.97,-2.31,1.92,-4.23,-0.19
2025-05-21,HINDALCO,S,655.77,663.48,5,eod,09:30,15:10,5.09,-38.55,3.49,-42.04,-0.55
2025-05-23,SUNPHARMA,L,1665.03,1681.86,2,eod,09:30,15:10,4.23,33.65,3.55,30.1,0.53
2025-05-23,ITC,L,434.22,436.03,7,eod,10:05,15:10,4.3,12.7,3.23,9.47,0.26
2025-05-26,NTPC,S,346.98,343.87,9,eod,09:55,15:10,6.14,27.94,3.3,24.64,0.65
2025-05-28,ITC,L,421.46,419.84,7,eod,09:55,15:10,64.82,-11.34,3.12,-14.47,-0.24
2025-05-28,JIOFIN,S,294.0,290.65,11,eod,09:30,15:10,5.14,36.93,3.41,33.52,0.58
2025-05-29,CUMMINSIND,L,3075.44,3165.92,1,eod,09:35,15:10,5.53,90.48,3.32,87.16,1.16
2025-05-29,HYUNDAI,S,1884.06,1870.94,1,eod,09:35,15:10,4.66,13.12,1.99,11.13,0.7
2025-05-30,CUMMINSIND,L,3239.12,3269.16,1,eod,09:30,15:10,4.23,30.05,3.45,26.59,0.49
2025-06-06,HINDZINC,S,498.15,507.15,6,stop,10:35,12:40,12.36,-54.02,3.19,-57.21,-1.09
2025-06-09,HINDZINC,L,518.76,523.24,6,eod,10:20,15:10,4.72,26.87,3.32,23.56,0.36
2025-06-09,BAJFINANCE,L,955.48,960.07,3,eod,09:45,15:10,4.19,13.78,3.05,10.73,0.24
2025-06-09,KOTAKBANK,L,424.41,427.29,7,eod,09:30,15:10,4.23,20.12,3.16,16.96,0.38
2025-06-11,ADANIPOWER,S,118.59,117.66,28,eod,10:10,15:10,4.06,26.09,3.51,22.58,0.33
2025-06-12,ONGC,S,250.45,248.27,13,eod,10:50,15:10,11.03,28.35,3.44,24.91,0.4
2025-06-12,ASIANPAINT,S,2222.89,2222.01,1,eod,13:20,15:10,8.93,0.88,2.36,-1.48,-0.04
2025-06-12,ZYDUSLIFE,S,976.01,980.29,3,eod,09:30,15:10,6.29,-12.83,3.11,-15.94,-0.27
2025-06-13,ONGC,S,250.04,251.87,13,eod,09:45,15:10,7.43,-23.67,3.46,-27.13,-0.35
2025-06-20,NESTLEIND,S,1160.92,1178.89,2,stop,09:30,12:15,8.79,-35.94,2.48,-38.42,-1.11
2025-06-24,IOC,S,143.93,142.97,23,eod,09:30,15:10,4.89,22.0,3.5,18.5,0.59
2025-06-24,ADANIPORTS,S,1390.3,1390.59,2,eod,13:50,15:10,4.23,-0.58,2.95,-3.53,-0.06
2025-06-25,INDHOTEL,L,783.84,781.51,4,eod,09:30,15:10,4.07,-9.33,3.32,-12.65,-0.25
2025-06-26,JSWSTEEL,S,1026.54,1032.17,3,eod,09:30,15:10,4.96,-16.89,3.27,-20.16,-0.48
2025-06-27,TORNTPHARM,S,3292.55,3340.17,1,eod,09:40,15:10,12.3,-47.62,3.51,-51.13,-0.89
2025-07-01,AMBUJACEM,L,587.54,581.71,5,stop,09:30,09:35,6.91,-29.17,3.1,-32.27,-1.16
2025-07-08,ADANIPOWER,S,120.34,119.86,27,eod,09:30,15:10,4.61,12.96,3.44,9.52,0.13
2025-07-10,PFC,S,424.79,430.21,7,stop,09:30,13:00,5.87,-37.99,3.17,-41.16,-1.13
2025-07-11,INFY,L,1593.3,1593.0,2,eod,09:30,15:10,5.28,-0.59,3.38,-3.97,-0.07
2025-07-11,HINDUNILVR,L,2511.25,2518.94,1,eod,09:35,15:10,15.7,7.68,2.67,5.02,0.1
2025-07-11,TCS,S,3295.35,3263.63,1,eod,11:05,15:10,9.69,31.72,3.48,28.24,0.71
2025-07-14,JINDALSTEL,L,943.92,932.83,3,stop,10:15,11:35,4.63,-33.27,2.98,-36.25,-1.14
2025-07-15,SUNPHARMA,S,1696.35,1711.66,1,stop,09:30,11:20,7.52,-15.3,1.81,-17.11,-1.18
2025-07-16,HDFCLIFE,S,760.02,756.33,4,eod,10:40,15:10,6.9,14.77,3.22,11.55,0.17
2025-07-17,TECHM,S,1571.51,1564.68,2,eod,12:25,15:10,12.59,13.66,3.33,10.34,0.16
2025-07-18,AXISBANK,L,1111.46,1098.45,2,eod,09:30,15:10,19.2,-26.01,2.34,-28.35,-0.56
2025-07-18,WIPRO,S,266.12,267.33,12,eod,09:40,15:10,9.63,-14.6,3.39,-17.99,-0.26
2025-07-24,MOTHERSON,L,101.35,102.99,32,eod,09:30,15:10,4.01,52.41,3.47,48.94,0.68
2025-07-25,SBILIFE,L,1844.92,1831.08,1,eod,09:50,15:10,7.25,-13.84,1.95,-15.79,-0.46
2025-07-25,BAJFINANCE,L,914.46,913.04,3,eod,09:35,15:10,8.55,-4.24,2.91,-7.15,-0.14
2025-07-25,NESTLEIND,S,1134.43,1138.47,2,eod,14:15,15:10,5.05,-8.07,2.41,-10.48,-0.23
2025-08-01,ITC,L,415.21,416.04,8,eod,09:30,15:10,4.56,6.68,3.53,3.15,0.12
2025-08-01,COALINDIA,S,372.51,372.69,8,eod,11:40,15:10,6.37,-1.38,3.16,-4.54,-0.07
2025-08-04,TVSMOTOR,L,2931.06,2941.73,1,eod,09:30,15:10,4.66,10.66,3.12,7.55,0.16
2025-08-06,ADANIPORTS,L,1385.29,1358.42,2,stop,09:30,10:10,6.7,-53.74,2.9,-56.65,-1.08
2025-08-07,PIDILITIND,L,1540.22,1514.24,2,stop,09:40,13:25,6.79,-51.95,3.23,-55.19,-1.09
2025-08-07,KOTAKBANK,L,397.4,398.0,8,eod,10:55,15:10,4.21,4.82,3.37,1.44,0.04
2025-08-08,BHARTIARTL,S,1867.87,1858.03,1,eod,09:55,15:10,40.94,9.84,1.98,7.86,0.3
2025-08-08,NTPC,L,332.72,334.18,10,eod,11:00,15:10,5.36,14.67,3.54,11.13,0.36
2025-08-12,HYUNDAI,S,2177.01,2223.11,1,stop,09:35,09:45,7.13,-46.1,2.33,-48.43,-1.08
2025-08-13,TVSMOTOR,L,3009.0,3015.89,1,eod,10:10,15:10,7.45,6.89,3.2,3.69,0.08
2025-08-18,ADANIPORTS,L,1323.66,1325.14,2,eod,13:55,15:10,8.36,2.95,2.81,0.14,0.0
2025-08-19,VEDL,L,167.36,168.45,19,eod,09:35,15:10,6.47,20.56,3.39,17.17,0.34
2025-08-19,HINDZINC,S,426.54,428.91,7,eod,09:45,15:10,4.68,-16.64,3.17,-19.82,-0.4
2025-08-20,INDHOTEL,L,791.4,805.95,4,eod,09:45,15:10,5.07,58.21,3.39,54.81,0.86
2025-08-21,BAJAJFINSV,S,1977.01,1981.29,1,eod,11:30,15:10,5.43,-4.28,2.1,-6.38,-0.3
2025-08-22,VEDL,S,166.3,166.39,20,eod,09:30,15:10,8.23,-1.93,3.53,-5.45,-0.1
2025-08-22,WIPRO,S,249.08,248.89,13,eod,09:30,15:10,4.91,2.35,3.43,-1.08,-0.02
2025-08-28,SHRIRAMFIN,S,576.46,571.79,5,eod,09:30,15:10,9.46,23.38,3.05,20.33,0.35
2025-08-28,HINDUNILVR,S,2691.65,2655.73,1,eod,09:30,15:10,4.13,35.93,2.84,33.09,0.59
2025-09-01,CGPOWER,L,712.26,716.14,4,eod,09:30,15:10,7.66,15.54,3.03,12.51,0.36
2025-09-03,KOTAKBANK,L,390.5,392.2,8,eod,09:55,15:10,5.95,13.67,3.32,10.35,0.3
2025-09-04,ITC,S,417.39,416.01,7,eod,10:10,15:10,9.67,9.68,3.09,6.59,0.1
2025-09-04,VBL,L,499.25,489.76,6,stop,09:35,14:50,9.26,-56.97,3.14,-60.11,-1.08
2025-09-10,KOTAKBANK,S,394.1,395.15,8,eod,09:50,15:10,7.33,-8.36,3.35,-11.7,-0.4
2025-09-10,ADANIPOWER,S,129.34,126.81,25,eod,13:10,15:10,4.54,63.05,3.4,59.65,1.01
2025-09-11,GAIL,L,178.69,178.88,18,eod,09:35,15:10,4.94,3.44,3.41,0.03,0.0
2025-09-11,ADANIPORTS,L,1417.31,1400.3,2,stop,09:30,11:45,4.42,-34.02,2.98,-37.0,-1.13
2025-09-12,INFY,S,1528.04,1527.26,2,eod,09:40,15:10,4.89,1.54,3.24,-1.7,-0.06
2025-09-12,GAIL,L,183.79,179.73,18,stop,09:30,10:35,8.35,-73.11,3.46,-76.57,-1.07
2025-09-17,COALINDIA,S,398.0,400.05,8,eod,14:00,15:10,4.82,-16.39,3.38,-19.78,-0.56
2025-09-18,TECHM,S,1554.42,1551.98,2,eod,09:35,15:10,4.5,4.89,3.29,1.6,0.06
2025-09-18,BANKBARODA,L,249.52,248.78,13,eod,09:30,15:10,4.38,-9.74,3.43,-13.17,-0.29
2025-09-19,ADANIENT,L,2527.86,2514.74,1,eod,12:40,15:10,24.4,-13.12,2.67,-15.79,-0.26
2025-09-19,ADANIPORTS,S,1432.28,1451.63,2,stop,09:30,13:30,9.52,-38.68,3.05,-41.74,-1.12
2025-09-19,CHOLAFIN,L,1580.69,1589.01,2,eod,09:30,15:10,9.38,16.63,3.36,13.27,0.38
