sym,entry_date,exit_date,net
TVSMOTOR,2022-07-11,2022-07-18,157.24334582822303
NTPC,2022-07-11,2022-07-18,214.4840868608626
M&M,2022-07-11,2022-07-18,166.79005851609782
BEL,2022-07-11,2022-07-18,256.8456602521346
ADANIENT,2022-07-11,2022-07-18,226.07170876598957
SUNPHARMA,2022-07-11,2022-07-18,124.65677785793469
ITC,2022-07-11,2022-07-25,64.82963008105344
COALINDIA,2022-07-11,2022-07-25,185.17320046784062
BANKBARODA,2022-07-18,2022-07-25,470.53231287338986
ABB,2022-07-18,2022-07-25,106.90719401228398
ICICIBANK,2022-07-18,2022-07-25,226.79969927332513
SIEMENS,2022-07-18,2022-07-25,26.96332739869422
CUMMINSIND,2022-07-18,2022-07-25,215.08677435628215
AMBUJACEM,2022-07-11,2022-08-01,92.35654755148698
SBILIFE,2022-07-18,2022-08-01,501.4897348600334
BRITANNIA,2022-07-18,2022-08-01,8.088534613130832
NTPC,2022-07-25,2022-08-01,91.256015280268
SUNPHARMA,2022-07-25,2022-08-01,380.87384841185394
CIPLA,2022-07-25,2022-08-01,33.32123895582117
TVSMOTOR,2022-07-25,2022-08-01,85.3934215311765
GODREJCP,2022-07-25,2022-08-08,-78.81718272249964
M&M,2022-07-25,2022-08-08,203.56642097424083
BAJAJ-AUTO,2022-08-01,2022-08-08,60.37823688163007
CANBK,2022-08-01,2022-08-08,-91.83230240620105
EICHERMOT,2022-08-01,2022-08-08,-48.92136968329669
AXISBANK,2022-08-01,2022-08-08,-9.446248677671974
HINDUNILVR,2022-08-01,2022-08-08,-22.43638154842847
BANKBARODA,2022-08-01,2022-08-08,-20.293641490931805
SIEMENS,2022-08-01,2022-08-16,116.89276767987985
CUMMINSIND,2022-08-08,2022-08-16,267.62196331670384
SBILIFE,2022-08-08,2022-08-16,73.7415043275314
COALINDIA,2022-08-08,2022-08-16,333.6960138341865
ABB,2022-08-08,2022-08-16,97.43590001835037
LT,2022-08-08,2022-08-16,95.84015939514757
DMART,2022-08-08,2022-08-16,83.53780796777846
BRITANNIA,2022-08-08,2022-08-22,-57.00137933747328
TATACONSUM,2022-08-08,2022-08-22,-9.383509788032825
ADANIPORTS,2022-08-16,2022-08-22,466.3720800801684
HINDUNILVR,2022-08-16,2022-08-22,41.982311527303864
ASIANPAINT,2022-08-16,2022-08-22,-38.46635094078556
ITC,2022-08-16,2022-08-22,6.879289299980883
SBIN,2022-08-16,2022-08-22,-181.15810432831768
CIPLA,2022-08-16,2022-08-29,-173.08995120967938
BANKBARODA,2022-08-22,2022-08-29,143.14703586368887
INDIGO,2022-08-22,2022-08-29,-93.63179868700809
M&M,2022-08-22,2022-08-29,1.4578770374782835
JSWSTEEL,2022-08-22,2022-08-29,-93.34339881887445
TITAN,2022-08-22,2022-08-29,-2.1065118072019686
COALINDIA,2022-08-22,2022-08-29,106.01507270277034
CUMMINSIND,2022-08-22,2022-08-29,-254.1686332252675
TMPV,2022-08-22,2022-08-29,-229.79940537550465
ADANIPOWER,2022-08-29,2022-09-05,633.0386854017688
ASIANPAINT,2022-08-29,2022-09-05,148.0468457667398
ADANIPORTS,2022-08-29,2022-09-05,202.03232878383733
AMBUJACEM,2022-08-29,2022-09-05,223.69403311670158
BAJFINANCE,2022-08-29,2022-09-05,207.9215075223574
HINDUNILVR,2022-08-29,2022-09-05,56.34342196124453
HDFCBANK,2022-08-29,2022-09-05,134.3326758783378
PIDILITIND,2022-08-29,2022-09-05,510.9931152242998
SUNPHARMA,2022-08-08,2022-09-12,-179.0566792705431
EICHERMOT,2022-08-29,2022-09-12,164.78500001607017
RELIANCE,2022-09-05,2022-09-12,36.18898585418265
PFC,2022-09-05,2022-09-12,-15.490292490574575
POWERGRID,2022-09-05,2022-09-12,-75.25907701448432
SBILIFE,2022-09-05,2022-09-12,-12.44886053745904
CIPLA,2022-09-05,2022-09-12,191.22701891675388
BHARTIARTL,2022-09-05,2022-09-12,185.8888302006244
CUMMINSIND,2022-09-05,2022-09-12,18.067149505094676
INDIGO,2022-09-12,2022-09-19,-217.41927764892262
DMART,2022-09-12,2022-09-19,-134.47483390260004
TATACONSUM,2022-09-12,2022-09-19,-163.65645994554689
BRITANNIA,2022-09-12,2022-09-19,-36.4905328135751
ADANIPOWER,2022-09-12,2022-09-19,-207.35289217396894
PIDILITIND,2022-09-12,2022-09-19,-117.84233712398327
BAJAJ-AUTO,2022-09-05,2022-09-26,-413.3559272771281
NESTLEIND,2022-09-12,2022-09-26,-174.7593619474128
ABB,2022-09-12,2022-09-26,-235.57201556655536
M&M,2022-09-12,2022-09-26,-269.55048963643094
GODREJCP,2022-09-19,2022-09-26,-87.69637393891844
ASIANPAINT,2022-09-19,2022-09-26,19.297780053353563
IRFC,2022-09-19,2022-09-26,-201.2180276117242
TVSMOTOR,2022-09-19,2022-09-26,38.88959428728958
COALINDIA,2022-09-19,2022-09-26,-266.7440752539205
CANBK,2022-09-26,2022-10-03,-27.009829197288127
NTPC,2022-09-26,2022-10-03,-124.19211664908926
UNIONBANK,2022-09-26,2022-10-03,92.09248296716305
DLF,2022-09-26,2022-10-03,-159.11872653352657
CHOLAFIN,2022-09-26,2022-10-03,-14.802318876658319
SIEMENS,2022-09-26,2022-10-03,-78.94198112757067
BANKBARODA,2022-09-26,2022-10-03,40.652184936035155
KOTAKBANK,2022-09-26,2022-10-03,-115.87799348331828
BEL,2022-09-26,2022-10-10,-33.795989906823706
PNB,2022-09-26,2022-10-10,-283.24665548412486
AMBUJACEM,2022-10-03,2022-10-10,-28.741165629965508
COALINDIA,2022-10-03,2022-10-10,310.87232792910163
AXISBANK,2022-10-03,2022-10-10,81.2207579828937
ADANIENT,2022-10-03,2022-10-17,-258.9896924217537
ITC,2022-10-03,2022-10-17,-67.16265382730762
PIDILITIND,2022-10-03,2022-10-17,-118.5935797873899
EICHERMOT,2022-10-10,2022-10-17,-21.562742229965806
HINDUNILVR,2022-10-10,2022-10-17,-30.448827646372592
BRITANNIA,2022-10-10,2022-10-17,20.029616150729908
TATACONSUM,2022-10-10,2022-10-17,-94.55368549215564
M&M,2022-10-10,2022-10-17,-64.71577815832825
ADANIPORTS,2022-10-03,2022-10-24,-114.57179264962815
ASIANPAINT,2022-10-10,2022-10-24,-159.51555988938026
SBILIFE,2022-10-17,2022-10-24,327.23269733621964
BEL,2022-10-17,2022-10-24,174.7687794881831
AMBUJACEM,2022-10-17,2022-10-24,152.61252996294024
CUMMINSIND,2022-10-17,2022-10-24,102.89358607901431
TITAN,2022-10-17,2022-10-24,127.8568327239609
BANKBARODA,2022-10-17,2022-10-24,526.8676549439151
DMART,2022-10-17,2022-10-31,-1.5356612650421084
LT,2022-10-24,2022-10-31,127.64781081216006
GRASIM,2022-10-24,2022-10-31,-44.437583082092715
ZYDUSLIFE,2022-10-24,2022-10-31,181.18786345199987
HDFCBANK,2022-10-24,2022-10-31,24.400664683401374
ADANIPOWER,2022-10-17,2022-11-07,249.18852678508938
ABB,2022-10-24,2022-11-07,150.78250372068078
CHOLAFIN,2022-10-24,2022-11-07,304.7850654649392
BAJFINANCE,2022-10-24,2022-11-07,-80.84872719780833
BAJAJFINSV,2022-10-24,2022-11-07,262.8092546114385
PIDILITIND,2022-10-31,2022-11-07,130.08303026596877
HINDUNILVR,2022-10-31,2022-11-07,-65.16646590428172
BEL,2022-10-31,2022-11-07,139.40086748354133
ITC,2022-10-31,2022-11-07,66.81432263372972
APOLLOHOSP,2022-11-07,2022-11-14,11.013509766894458
AXISBANK,2022-11-07,2022-11-14,-192.3158931949165
DMART,2022-11-07,2022-11-14,-77.5280869075441
PNB,2022-11-07,2022-11-14,218.17661931010844
BANKBARODA,2022-11-07,2022-11-14,74.08971703320822
BHARTIARTL,2022-11-07,2022-11-14,-30.641406142643064
TVSMOTOR,2022-10-31,2022-11-21,-285.7522145111707
CIPLA,2022-11-07,2022-11-21,-199.55310437199842
TITAN,2022-11-14,2022-11-21,-249.9458919999115
CHOLAFIN,2022-11-14,2022-11-21,36.98288723969017
SUNPHARMA,2022-11-14,2022-11-21,-115.5275140366839
ABB,2022-11-14,2022-11-21,-87.13849090510757
EICHERMOT,2022-11-07,2022-11-28,-297.4276418056288
M&M,2022-11-14,2022-11-28,-217.9879437967693
NTPC,2022-11-14,2022-11-28,-114.26544827939506
ZYDUSLIFE,2022-11-14,2022-11-28,-294.7755360489791
COALINDIA,2022-11-21,2022-11-28,-2.5929992494429825
ITC,2022-11-21,2022-11-28,-23.9357401349489
BAJFINANCE,2022-11-21,2022-11-28,-53.092609822454506
BAJAJFINSV,2022-11-21,2022-11-28,-109.93864235494311
ADANIPOWER,2022-11-21,2022-12-05,-211.9266677380774
SIEMENS,2022-11-21,2022-12-05,-90.74386335362624
HINDZINC,2022-11-28,2022-12-05,123.15866828101207
SOLARINDS,2022-11-28,2022-12-05,322.4628518897189
TVSMOTOR,2022-11-28,2022-12-05,39.06977024140269
ADANIENT,2022-11-28,2022-12-05,-2.9556523371329604
NESTLEIND,2022-11-28,2022-12-05,22.08885658827694
AMBUJACEM,2022-11-28,2022-12-05,113.97743571877254
KOTAKBANK,2022-11-28,2022-12-05,34.06842297485491
ABB,2022-12-05,2022-12-12,-24.550279949607102
EICHERMOT,2022-12-05,2022-12-12,-17.109495664284168
CANBK,2022-12-05,2022-12-12,-63.77942156969311
COALINDIA,2022-12-05,2022-12-12,2.230726507997133
CGPOWER,2022-12-05,2022-12-12,-59.10328271342314
VEDL,2022-12-05,2022-12-12,-152.88177978973363
BEL,2022-12-05,2022-12-12,-55.84807031395303
ITC,2022-12-05,2022-12-12,14.748728783314618
HDFCBANK,2022-12-05,2022-12-12,8.583248800170622
IRFC,2022-12-12,2022-12-19,187.03292488512216
SUNPHARMA,2022-12-12,2022-12-19,-73.36104922224877
INFY,2022-12-12,2022-12-19,-161.45836011000847
RELIANCE,2022-12-12,2022-12-19,-43.66536159700718
APOLLOHOSP,2022-12-12,2022-12-19,-112.522399941402
JINDALSTEL,2022-12-12,2022-12-19,-27.993353257667877
MAXHEALTH,2022-12-12,2022-12-19,-85.67160843484635
ADANIPOWER,2022-12-12,2022-12-19,-140.33444435305137
BAJAJFINSV,2022-12-12,2022-12-19,-9.377380053865636
CUMMINSIND,2022-12-19,2022-12-26,-243.53058364562594
BEL,2022-12-19,2022-12-26,-188.9292863363371
HAL,2022-12-19,2022-12-26,-347.28815497250525
PIDILITIND,2022-12-19,2022-12-26,-259.3597114341719
TITAN,2022-12-19,2022-12-26,-27.819650799741794
ABB,2022-12-19,2022-12-26,-178.5979856161257
ADANIPORTS,2022-12-19,2022-12-26,-411.6674417370823
UNITDSPR,2022-12-19,2022-12-26,-188.7238548248024
MAZDOCK,2022-12-12,2023-01-02,-523.210900717836
AMBUJACEM,2022-12-19,2023-01-02,-308.34283907452664
UNIONBANK,2022-12-26,2023-01-02,866.3126249155757
IRFC,2022-12-26,2023-01-02,749.0029171240112
PNB,2022-12-26,2023-01-02,671.6386833204606
CGPOWER,2022-12-26,2023-01-02,264.45747924585976
INDHOTEL,2022-12-26,2023-01-02,325.7342041539023
ADANIENT,2022-12-26,2023-01-02,185.20319871304218
HDFCAMC,2022-12-26,2023-01-02,205.8995446917952
BANKBARODA,2022-12-26,2023-01-02,471.28309498962335
CIPLA,2023-01-02,2023-01-09,-31.252592975805783
NESTLEIND,2023-01-02,2023-01-09,42.69950655446701
HINDUNILVR,2023-01-02,2023-01-09,-6.829997939616987
CUMMINSIND,2023-01-02,2023-01-09,154.89995367754636
TORNTPHARM,2023-01-02,2023-01-09,-60.049579819925384
BRITANNIA,2023-01-02,2023-01-09,-34.37488738938828
SUNPHARMA,2023-01-02,2023-01-09,30.78903888136847
GODREJCP,2023-01-02,2023-01-09,213.61312106461992
APOLLOHOSP,2023-01-02,2023-01-16,-158.3791830414666
SHRIRAMFIN,2023-01-09,2023-01-16,-85.09138115244059
JSWSTEEL,2023-01-09,2023-01-16,185.83710332612554
COALINDIA,2023-01-09,2023-01-16,-34.921065479152276
CANBK,2023-01-09,2023-01-16,-22.148658394601625
GRASIM,2023-01-09,2023-01-16,-131.80926262419052
INDHOTEL,2023-01-09,2023-01-16,-75.61826200515134
ICICIBANK,2023-01-09,2023-01-16,-20.116292206930666
TITAN,2023-01-09,2023-01-16,-240.78096866487977
VBL,2023-01-16,2023-01-23,387.60638555662354
BHARTIARTL,2023-01-16,2023-01-23,-28.104784702225516
PFC,2023-01-16,2023-01-23,-123.01647139669149
MAZDOCK,2023-01-16,2023-01-23,-105.53203117692374
EICHERMOT,2023-01-16,2023-01-23,-18.52651003116989
UNIONBANK,2023-01-16,2023-01-23,202.28053039775568
ITC,2023-01-16,2023-01-23,51.967033713230194
HAL,2023-01-16,2023-01-23,119.0617605952566
TVSMOTOR,2023-01-09,2023-01-30,69.1142795981832
ADANIENT,2023-01-16,2023-01-30,-899.8674643366198
HDFCAMC,2023-01-23,2023-01-30,-359.1505739228851
INDHOTEL,2023-01-23,2023-01-30,-174.9154064187178
JSWSTEEL,2023-01-23,2023-01-30,-125.40186931405333
NESTLEIND,2023-01-23,2023-01-30,-53.242009510840944
MAXHEALTH,2023-01-23,2023-01-30,135.5218808673244
HINDUNILVR,2023-01-23,2023-01-30,62.24675878260041
DLF,2023-01-23,2023-01-30,-236.26646652512682
BANKBARODA,2023-01-23,2023-02-06,-470.6947308695808
PFC,2023-01-30,2023-02-06,161.21853005856792
PNB,2023-01-30,2023-02-06,43.49488237004243
HINDZINC,2023-01-30,2023-02-06,-7.888431417887659
CANBK,2023-01-30,2023-02-06,65.24136858239126
UNIONBANK,2023-01-30,2023-02-06,-30.87644111641748
SBIN,2023-01-30,2023-02-06,168.48254701037513
BEL,2023-01-30,2023-02-06,-7.172171775438983
RECLTD,2023-01-30,2023-02-06,144.04011618668937
VBL,2023-02-06,2023-02-13,504.5074100502334
HAL,2023-02-06,2023-02-13,72.788829626189
MAXHEALTH,2023-02-06,2023-02-13,22.628829558496363
COALINDIA,2023-02-06,2023-02-13,-222.56816153136424
BAJAJ-AUTO,2023-02-06,2023-02-13,-27.881201039127973
TVSMOTOR,2023-02-06,2023-02-13,173.52441540935615
VEDL,2023-02-06,2023-02-13,-93.96624653641175
ONGC,2023-02-06,2023-02-13,174.24833334978302
SOLARINDS,2023-02-06,2023-02-20,100.58221261022663
HINDALCO,2023-02-06,2023-02-20,-334.65033018237045
TATASTEEL,2023-02-13,2023-02-20,132.70942917135926
EICHERMOT,2023-02-13,2023-02-20,45.29946931695031
BHARTIARTL,2023-02-13,2023-02-20,25.91107897689926
HINDUNILVR,2023-02-13,2023-02-20,-121.37876629898346
HCLTECH,2023-02-13,2023-02-20,-81.57312308857672
HINDZINC,2023-02-13,2023-02-27,-216.25212645951797
IRFC,2023-02-13,2023-02-27,-407.2217680099293
INDIGO,2023-02-13,2023-02-27,-438.3488195197556
CGPOWER,2023-02-20,2023-02-27,-126.1656193064673
SUNPHARMA,2023-02-20,2023-02-27,-134.88508945620288
INDHOTEL,2023-02-20,2023-02-27,-176.38534986505874
BRITANNIA,2023-02-20,2023-02-27,-141.5634009716141
UNIONBANK,2023-02-20,2023-03-06,183.4326369621731
PNB,2023-02-20,2023-03-06,205.1059290860985
CANBK,2023-02-27,2023-03-06,633.2888362832946
BANKBARODA,2023-02-27,2023-03-06,589.9116416515753
MAZDOCK,2023-02-27,2023-03-06,165.07540291772057
JSWSTEEL,2023-02-27,2023-03-06,-43.14835115458118
SOLARINDS,2023-02-27,2023-03-06,-32.973852410225845
JINDALSTEL,2023-02-27,2023-03-06,244.8509447078668
M&M,2023-02-27,2023-03-06,-39.377592300851575
VEDL,2023-02-27,2023-03-13,-311.8165261169679
CGPOWER,2023-03-06,2023-03-13,-107.94347179544457
TVSMOTOR,2023-03-06,2023-03-13,-65.62118756234122
SIEMENS,2023-03-06,2023-03-13,113.16839094827355
TATASTEEL,2023-03-06,2023-03-13,-1.49734925919347
TCS,2023-03-06,2023-03-13,-58.967148679330876
LTM,2023-03-06,2023-03-20,-235.57666079658793
TECHM,2023-03-06,2023-03-20,144.46096845649936
HINDZINC,2023-03-06,2023-03-20,34.58865450252142
APOLLOHOSP,2023-03-06,2023-03-20,-128.38570259324388
SOLARINDS,2023-03-13,2023-03-20,89.96893523279505
BRITANNIA,2023-03-13,2023-03-20,21.36165143056678
SUNPHARMA,2023-03-13,2023-03-20,-61.54313851176266
IRFC,2023-03-13,2023-03-27,-327.4180883021045
UNIONBANK,2023-03-20,2023-03-27,-144.75026675729077
CANBK,2023-03-20,2023-03-27,-133.20089961147005
BANKBARODA,2023-03-20,2023-03-27,-44.77010254768993
RECLTD,2023-03-20,2023-03-27,-202.6851583104899
ITC,2023-03-20,2023-03-27,26.969346573312578
MAZDOCK,2023-03-20,2023-04-03,-22.35924404438265
PFC,2023-03-20,2023-04-03,-94.95866473450678
PNB,2023-03-20,2023-04-03,-149.13181106778484
HAL,2023-03-27,2023-04-03,431.7893207062207
GAIL,2023-03-27,2023-04-03,97.1016316055111
HCLTECH,2023-03-27,2023-04-03,112.58097443273255
CHOLAFIN,2023-03-27,2023-04-03,208.7772684707661
BRITANNIA,2023-03-27,2023-04-03,85.93939700850842
CUMMINSIND,2023-03-27,2023-04-03,11.612827698380897
LT,2023-04-03,2023-04-10,175.03247246541468
RECLTD,2023-04-03,2023-04-10,94.47934355400139
ONGC,2023-04-03,2023-04-10,-167.0483817871991
SOLARINDS,2023-04-03,2023-04-10,-55.94527177093505
IRFC,2023-04-03,2023-04-10,109.18405856199297
JINDALSTEL,2023-03-27,2023-04-17,227.9668751950012
MAXHEALTH,2023-04-03,2023-04-17,406.84725668395185
IOC,2023-04-03,2023-04-17,-41.504408660767695
BPCL,2023-04-03,2023-04-17,-127.76924831731776
HINDZINC,2023-04-10,2023-04-17,104.23294285607335
CGPOWER,2023-04-10,2023-04-17,121.89437947460556
GODREJCP,2023-04-10,2023-04-17,-31.564777451924783
GAIL,2023-04-10,2023-04-17,68.97142649929629
CUMMINSIND,2023-04-10,2023-04-24,-181.61435106955014
ABB,2023-04-17,2023-04-24,-114.77985481227734
LTM,2023-04-17,2023-04-24,-317.279743457957
VBL,2023-04-17,2023-04-24,-158.1137194124558
TECHM,2023-04-17,2023-04-24,-202.44615903728936
BRITANNIA,2023-04-17,2023-04-24,15.70435619325508
HCLTECH,2023-04-17,2023-05-02,7.203173315282584
NTPC,2023-04-17,2023-05-02,-29.209656360597364
TVSMOTOR,2023-04-24,2023-05-02,199.1832208728838
MAXHEALTH,2023-04-24,2023-05-02,44.79108855212144
PFC,2023-04-24,2023-05-02,434.590738422271
GRASIM,2023-04-24,2023-05-02,137.5601517365276
SIEMENS,2023-04-24,2023-05-02,182.1146762299577
LT,2023-04-24,2023-05-02,271.09806497324644
HINDZINC,2023-05-02,2023-05-08,-109.04894899904411
TRENT,2023-05-02,2023-05-08,120.96792511686817
SOLARINDS,2023-05-02,2023-05-08,-97.13918240468911
ONGC,2023-05-02,2023-05-08,-11.80939463703271
BEL,2023-05-02,2023-05-08,80.59075968703019
GODREJCP,2023-05-02,2023-05-15,416.64455836032084
SHRIRAMFIN,2023-05-02,2023-05-15,-22.747723428382415
GAIL,2023-05-02,2023-05-15,-38.73205080000025
AXISBANK,2023-05-02,2023-05-15,205.43163477412236
SUNPHARMA,2023-05-02,2023-05-15,-209.67966769815303
HDFCBANK,2023-05-08,2023-05-15,74.13223112508786
HCLTECH,2023-05-08,2023-05-15,166.0657303137732
VBL,2023-05-08,2023-05-15,324.8120157221747
TMPV,2023-05-08,2023-05-15,443.1429876525108
BANKBARODA,2023-05-08,2023-05-22,-99.25010676056263
DRREDDY,2023-05-15,2023-05-22,-111.93171746021017
PNB,2023-05-15,2023-05-22,114.31001783578176
CANBK,2023-05-15,2023-05-22,-39.1416431939997
LT,2023-05-15,2023-05-22,-96.36017883556724
ETERNAL,2023-05-15,2023-05-22,191.66115809249732
JSWSTEEL,2023-05-15,2023-05-22,-105.8358717552619
IRFC,2023-05-15,2023-05-22,-47.38153750465335
MAZDOCK,2023-05-15,2023-05-22,49.10798336017524
UNIONBANK,2023-05-15,2023-05-29,-108.36901069505984
JINDALSTEL,2023-05-22,2023-05-29,42.07210987608141
APOLLOHOSP,2023-05-22,2023-05-29,140.08147435199498
POWERGRID,2023-05-22,2023-05-29,42.23759740359219
ZYDUSLIFE,2023-05-22,2023-05-29,225.00745066076342
GAIL,2023-05-22,2023-05-29,59.61351633032973
TATACONSUM,2023-05-22,2023-05-29,139.93067140261974
TITAN,2023-05-22,2023-05-29,47.8777824012177
SIEMENS,2023-05-22,2023-06-05,-78.48521970542333
IRFC,2023-05-29,2023-06-05,-74.01853464231954
GRASIM,2023-05-29,2023-06-05,54.5955021520158
HDFCBANK,2023-05-29,2023-06-05,-78.47404410049148
HAL,2023-05-29,2023-06-05,176.99453484830428
TMPV,2023-05-29,2023-06-05,101.6164129316403
MAZDOCK,2023-05-29,2023-06-05,469.7784562263705
MAXHEALTH,2023-05-29,2023-06-12,255.56622576866994
ONGC,2023-05-29,2023-06-12,-213.64459315057138
ICICIBANK,2023-05-29,2023-06-12,-115.15735579890952
COALINDIA,2023-06-05,2023-06-12,-93.17953401620343
GAIL,2023-06-05,2023-06-12,-39.42878012999972
CGPOWER,2023-06-05,2023-06-12,-22.37725815916201
BPCL,2023-06-05,2023-06-12,-33.31128236969835
CHOLAFIN,2023-06-05,2023-06-12,93.57005338577619
POWERGRID,2023-06-05,2023-06-12,159.2393335653769
VBL,2023-06-12,2023-06-19,158.1202368219674
TECHM,2023-06-12,2023-06-19,26.431244004690598
LTM,2023-06-12,2023-06-19,151.27166550587663
INDHOTEL,2023-06-12,2023-06-19,282.07154578021346
GODREJCP,2023-06-12,2023-06-19,138.83563739950387
DIVISLAB,2023-06-12,2023-06-19,242.39210845216394
HINDUNILVR,2023-06-12,2023-06-19,75.50042378576381
EICHERMOT,2023-06-12,2023-06-26,-76.06856889068104
KOTAKBANK,2023-06-12,2023-06-26,-167.66795620998346
ETERNAL,2023-06-19,2023-06-26,-74.76495108272957
CANBK,2023-06-19,2023-06-26,-180.77605319226586
BAJAJ-AUTO,2023-06-19,2023-06-26,-55.75277369707601
SBIN,2023-06-19,2023-06-26,-192.24124748446502
INDIGO,2023-06-19,2023-06-26,-22.607016436835693
SHRIRAMFIN,2023-06-19,2023-06-26,702.7705316518104
UNIONBANK,2023-06-19,2023-06-26,-207.7075907419685
PFC,2023-06-19,2023-06-26,50.635851782743885
VBL,2023-06-26,2023-07-03,202.301378143914
INDHOTEL,2023-06-26,2023-07-03,177.78481977132378
HAL,2023-06-26,2023-07-03,209.7133711995748
TATASTEEL,2023-06-26,2023-07-03,97.52409753074335
DLF,2023-06-26,2023-07-03,150.30644482072148
BEL,2023-06-26,2023-07-03,194.57779282911088
JSWSTEEL,2023-06-26,2023-07-03,228.06151020867583
BPCL,2023-06-26,2023-07-10,427.5373979109909
GRASIM,2023-06-26,2023-07-10,78.64484353583975
BANKBARODA,2023-07-03,2023-07-10,503.19032287205755
PIDILITIND,2023-07-03,2023-07-10,-12.532468057058395
IOC,2023-07-03,2023-07-10,559.6910478671625
IRFC,2023-07-03,2023-07-10,30.434273813491018
JINDALSTEL,2023-07-03,2023-07-10,228.8605030810213
TVSMOTOR,2023-07-03,2023-07-10,-70.61316156927569
CANBK,2023-07-03,2023-07-10,582.234632185824
ETERNAL,2023-07-03,2023-07-17,555.0736607930658
TRENT,2023-07-10,2023-07-17,-101.69283136445483
TATACONSUM,2023-07-10,2023-07-17,54.20301285251662
INDHOTEL,2023-07-10,2023-07-17,67.5280119844083
CUMMINSIND,2023-07-10,2023-07-17,13.840597128204536
HDFCBANK,2023-07-10,2023-07-17,-78.89974192070076
HCLTECH,2023-07-10,2023-07-17,-80.58917521159492
SIEMENS,2023-07-10,2023-07-17,-7.602471954576231
DMART,2023-07-10,2023-07-17,-45.141350874471755
HDFCAMC,2023-07-10,2023-07-17,302.08914173740595
POWERGRID,2023-07-17,2023-07-24,-2.9891043464558607
BANKBARODA,2023-07-17,2023-07-24,-60.475926877202255
RECLTD,2023-07-17,2023-07-24,49.2986493194112
TATAPOWER,2023-07-17,2023-07-24,-140.93126041687628
BPCL,2023-07-17,2023-07-24,124.45792426160733
IOC,2023-07-17,2023-07-24,109.05154891377151
NTPC,2023-07-17,2023-07-24,183.7468820861859
HINDZINC,2023-07-17,2023-07-31,-170.1584781952888
TCS,2023-07-24,2023-07-31,-46.77283321175082
VBL,2023-07-24,2023-07-31,-20.794093289076955
LTM,2023-07-24,2023-07-31,-118.8992161176111
HDFCLIFE,2023-07-24,2023-07-31,-55.1397272720551
ABB,2023-07-24,2023-07-31,221.15384875325526
TITAN,2023-07-24,2023-07-31,-96.96584688465464
HINDALCO,2023-07-24,2023-07-31,224.5706851352743
HINDUNILVR,2023-07-24,2023-07-31,-95.70347372808465
HCLTECH,2023-07-24,2023-07-31,-99.45445981355897
TECHM,2023-07-31,2023-08-07,385.08629839605055
ITC,2023-07-31,2023-08-07,-234.98098813477463
KOTAKBANK,2023-07-31,2023-08-07,-108.20723630958673
BPCL,2023-07-31,2023-08-07,-218.15746230750028
IOC,2023-07-31,2023-08-07,-268.61127157134615
M&M,2023-07-31,2023-08-07,7.826928204629439
ASIANPAINT,2023-07-31,2023-08-07,-37.09799935951514
BAJFINANCE,2023-07-31,2023-08-07,-186.84405756908473
UNITDSPR,2023-07-31,2023-08-07,-107.18659859984746
BAJAJFINSV,2023-07-31,2023-08-14,-244.73908189612393
APOLLOHOSP,2023-08-07,2023-08-14,-154.0210969801101
BANKBARODA,2023-08-07,2023-08-14,73.49724924203565
HDFCAMC,2023-08-07,2023-08-14,218.0258028060316
LODHA,2023-08-07,2023-08-14,-116.84240793504614
DLF,2023-08-07,2023-08-14,-195.94144015591883
MAXHEALTH,2023-08-07,2023-08-21,-198.7802115774739
CUMMINSIND,2023-08-07,2023-08-21,-146.42125671194117
MAZDOCK,2023-08-07,2023-08-21,-51.78439203271137
BRITANNIA,2023-08-14,2023-08-21,1.1613301112929548
ASIANPAINT,2023-08-14,2023-08-21,-54.77866970095147
TORNTPHARM,2023-08-14,2023-08-21,-60.11152676650545
AMBUJACEM,2023-08-14,2023-08-21,5.393662687631149
SIEMENS,2023-08-14,2023-08-21,-64.74292811394753
NESTLEIND,2023-08-14,2023-08-21,-42.48250635779095
CHOLAFIN,2023-08-07,2023-08-28,-36.02987359187955
MUTHOOTFIN,2023-08-21,2023-08-28,79.06462778901641
HINDALCO,2023-08-21,2023-08-28,57.702281205682084
JSWSTEEL,2023-08-21,2023-08-28,-161.62035295468468
JINDALSTEL,2023-08-21,2023-08-28,-122.25152940350927
ETERNAL,2023-08-21,2023-08-28,316.00296339079523
ABB,2023-08-21,2023-08-28,-72.90295259539107
GAIL,2023-08-21,2023-08-28,140.93150116993274
BAJFINANCE,2023-08-21,2023-08-28,299.6053306670592
LODHA,2023-08-28,2023-09-04,168.70814881809383
ADANIPORTS,2023-08-28,2023-09-04,-99.07912114886767
CGPOWER,2023-08-28,2023-09-04,51.45304870488326
VBL,2023-08-28,2023-09-04,251.60228791047484
SUNPHARMA,2023-08-28,2023-09-04,-19.656691748534286
M&M,2023-08-28,2023-09-04,197.93796858181668
UNIONBANK,2023-08-28,2023-09-11,-126.70730953038947
RELIANCE,2023-08-28,2023-09-11,-76.7251366970404
ZYDUSLIFE,2023-08-28,2023-09-11,-30.477489130463255
TORNTPHARM,2023-08-28,2023-09-11,-234.67353205606742
PFC,2023-09-04,2023-09-11,1098.5341601657692
DRREDDY,2023-09-04,2023-09-11,-29.533584067738957
IOC,2023-09-04,2023-09-11,367.5500286768802
GODREJCP,2023-09-04,2023-09-11,20.651043204108646
HDFCAMC,2023-09-04,2023-09-11,151.0557509504888
NESTLEIND,2023-09-04,2023-09-18,121.79390591144238
SOLARINDS,2023-09-11,2023-09-18,-38.92467454451162
M&M,2023-09-11,2023-09-18,87.26037502496547
AXISBANK,2023-09-11,2023-09-18,197.2101033773015
EICHERMOT,2023-09-11,2023-09-18,24.74823584894193
ASIANPAINT,2023-09-11,2023-09-18,-71.53419771349127
JINDALSTEL,2023-09-11,2023-09-18,-29.457849456848635
VBL,2023-09-11,2023-09-18,-46.32723420766433
CIPLA,2023-09-11,2023-09-18,-51.52208802609857
RECLTD,2023-09-18,2023-09-25,576.7336149901221
PFC,2023-09-18,2023-09-25,369.97349389175633
BEL,2023-09-18,2023-09-25,-406.30198783658034
CGPOWER,2023-09-18,2023-09-25,-13.980478705272617
HAL,2023-09-18,2023-09-25,-361.34753805334276
GAIL,2023-09-18,2023-09-25,-171.93000976937947
SIEMENS,2023-09-18,2023-09-25,-132.66645394299167
INDHOTEL,2023-09-18,2023-09-25,-230.06100097427225
MAXHEALTH,2023-09-18,2023-10-03,-75.0310535069093
INDIGO,2023-09-18,2023-10-03,-76.1593080290395
IRFC,2023-09-25,2023-10-03,14.231937988654863
LODHA,2023-09-25,2023-10-03,398.47624517633085
ZYDUSLIFE,2023-09-25,2023-10-03,211.5952965651777
UNITDSPR,2023-09-25,2023-10-03,-144.2141849931868
JSWSTEEL,2023-09-25,2023-10-03,-41.68955583593288
HINDALCO,2023-09-25,2023-10-03,11.303602156463967
WIPRO,2023-09-25,2023-10-09,-248.48180798686008
TECHM,2023-10-03,2023-10-09,-128.27398729310517
INFY,2023-10-03,2023-10-09,74.97966869168158
LTM,2023-10-03,2023-10-09,-16.959054615765126
TITAN,2023-10-03,2023-10-09,116.37693663437358
M&M,2023-10-03,2023-10-09,-207.41378117798104
ASIANPAINT,2023-10-03,2023-10-09,-55.29616349858679
HCLTECH,2023-10-03,2023-10-09,-24.48740064604499
TCS,2023-10-03,2023-10-09,79.77087922515284
PNB,2023-10-09,2023-10-16,-118.717730058891
ONGC,2023-10-09,2023-10-16,103.48813155341486
MOTHERSON,2023-10-09,2023-10-16,161.4033269123056
SIEMENS,2023-10-09,2023-10-16,58.624087956249696
AXISBANK,2023-10-09,2023-10-16,-63.58807504768447
NTPC,2023-10-09,2023-10-16,189.32521466609796
CGPOWER,2023-10-09,2023-10-23,-295.6177200953425
ADANIPOWER,2023-10-09,2023-10-23,-248.48756611393765
BANKBARODA,2023-10-16,2023-10-23,-26.50515864560839
INFY,2023-10-16,2023-10-23,-78.49971843747699
SBIN,2023-10-16,2023-10-23,-166.98105061270235
CANBK,2023-10-16,2023-10-23,25.222504854787985
LTM,2023-10-16,2023-10-23,246.78670921108733
ZYDUSLIFE,2023-10-16,2023-10-23,-100.26237272744675
ADANIPORTS,2023-10-16,2023-10-23,-212.67003593637583
INDHOTEL,2023-10-16,2023-10-23,-147.26554161740387
INDIGO,2023-10-23,2023-10-30,0.39952205738518387
CHOLAFIN,2023-10-23,2023-10-30,-112.74432240877286
ABB,2023-10-23,2023-10-30,-16.388542430758662
DMART,2023-10-23,2023-10-30,-98.69898877545256
PNB,2023-10-23,2023-10-30,33.800493473086135
BAJFINANCE,2023-10-23,2023-10-30,-244.71585254808997
HAL,2023-10-23,2023-10-30,-178.20168123155418
DLF,2023-10-23,2023-10-30,-198.5564712858495
MAZDOCK,2023-10-23,2023-10-30,-110.02849135682845
DIVISLAB,2023-10-23,2023-11-06,-202.92271063086173
LODHA,2023-10-30,2023-11-06,912.1559007262758
INDHOTEL,2023-10-30,2023-11-06,196.5948354595621
GAIL,2023-10-30,2023-11-06,238.42844748827883
IRFC,2023-10-30,2023-11-06,29.137005019644675
RECLTD,2023-10-30,2023-11-06,619.8381954144988
GRASIM,2023-10-30,2023-11-06,106.65996689078747
LTM,2023-10-30,2023-11-06,-34.77118051132129
TATAPOWER,2023-10-30,2023-11-06,162.233343911048
ETERNAL,2023-10-30,2023-11-06,786.1178692433086
MAZDOCK,2023-11-06,2023-11-13,104.95972227295078
CHOLAFIN,2023-11-06,2023-11-13,19.61900950600375
M&M,2023-11-06,2023-11-13,136.30567933373823
DRREDDY,2023-11-06,2023-11-13,83.40496848007297
BAJAJFINSV,2023-11-06,2023-11-13,167.19757056697017
TATASTEEL,2023-11-06,2023-11-13,90.43535413796872
MOTHERSON,2023-11-06,2023-11-13,-82.81231755021872
NTPC,2023-11-06,2023-11-13,213.83771091367998
AXISBANK,2023-11-06,2023-11-13,170.83765921620216
MUTHOOTFIN,2023-11-13,2023-11-20,294.7579022804448
UNITDSPR,2023-11-13,2023-11-20,16.092199894889745
SHRIRAMFIN,2023-11-13,2023-11-20,42.189609591964654
INDIGO,2023-11-13,2023-11-20,124.30580617058968
MAXHEALTH,2023-11-13,2023-11-20,133.11149049443793
TCS,2023-11-13,2023-11-20,116.31495332505438
IOC,2023-11-13,2023-11-20,265.2250431347775
HCLTECH,2023-11-13,2023-11-20,243.634016732306
TATACONSUM,2023-11-13,2023-11-20,105.15915979503916
AXISBANK,2023-11-20,2023-11-28,135.51814317693606
ADANIPOWER,2023-11-20,2023-11-28,300.27994162183677
POWERGRID,2023-11-20,2023-11-28,74.1542056908238
MAZDOCK,2023-11-20,2023-11-28,198.61837595064026
ADANIGREEN,2023-11-20,2023-11-28,104.06279984054436
ADANIENT,2023-11-20,2023-11-28,135.2103054170666
ADANIPORTS,2023-11-20,2023-11-28,-84.05165123721963
BAJFINANCE,2023-11-13,2023-12-04,-116.5175119610858
CHOLAFIN,2023-11-20,2023-12-04,28.627782026480418
ETERNAL,2023-11-28,2023-12-04,160.87227361579426
ONGC,2023-11-28,2023-12-04,214.8240233571987
CIPLA,2023-11-28,2023-12-04,44.580474689437324
BEL,2023-11-28,2023-12-04,431.7452656843989
COALINDIA,2023-11-28,2023-12-04,271.9993770780811
MOTHERSON,2023-11-28,2023-12-04,460.6492258765411
PNB,2023-11-28,2023-12-04,559.0099158758903
SOLARINDS,2023-12-04,2023-12-11,6.61737430363155
IRFC,2023-12-04,2023-12-11,-121.46137615029147
DLF,2023-12-04,2023-12-11,126.33128319530715
CGPOWER,2023-12-04,2023-12-11,-281.9318771823455
POWERGRID,2023-12-04,2023-12-11,410.9083627491882
NESTLEIND,2023-12-04,2023-12-11,60.8646242062232
RELIANCE,2023-12-04,2023-12-11,8.541144602356326
TCS,2023-12-04,2023-12-11,48.9006191634694
UNITDSPR,2023-12-04,2023-12-18,60.225754965522356
TORNTPHARM,2023-12-11,2023-12-18,69.51208854995639
DIVISLAB,2023-12-11,2023-12-18,-11.567871876702611
VBL,2023-12-11,2023-12-18,123.77550112529843
HDFCLIFE,2023-12-11,2023-12-18,-18.826113264237392
BHARTIARTL,2023-12-11,2023-12-18,-57.35790187026032
TATASTEEL,2023-12-11,2023-12-18,316.2445867216775
APOLLOHOSP,2023-12-11,2023-12-18,-44.122453226473226
BRITANNIA,2023-12-11,2023-12-18,-92.43470531037565
ADANIENSOL,2023-12-18,2023-12-26,-129.06227554959332
BPCL,2023-12-18,2023-12-26,-59.40203565338925
DRREDDY,2023-12-18,2023-12-26,1.282383864709118
ADANIGREEN,2023-12-18,2023-12-26,133.73969844328803
HINDZINC,2023-12-18,2023-12-26,-127.77136346678253
NESTLEIND,2023-12-18,2023-12-26,216.51968768847655
AXISBANK,2023-12-18,2023-12-26,-184.5953897399977
CUMMINSIND,2023-12-18,2023-12-26,181.65472431260878
CIPLA,2023-12-18,2023-12-26,128.5650570564767
UNIONBANK,2023-12-26,2024-01-01,3.827623352250157
MAXHEALTH,2023-12-26,2024-01-01,314.76366451013564
ADANIENT,2023-12-26,2024-01-01,36.626279615289604
ADANIPOWER,2023-12-26,2024-01-01,67.3085341381584
M&M,2023-12-26,2024-01-01,289.0979547725501
HDFCLIFE,2023-12-26,2024-01-01,9.37727200786594
CANBK,2023-12-26,2024-01-01,134.80417775268143
ADANIPORTS,2023-12-26,2024-01-01,-83.7497560780248
RECLTD,2023-12-26,2024-01-08,407.6356195901526
PFC,2023-12-26,2024-01-08,249.68327577846685
VBL,2024-01-01,2024-01-08,173.40234163251807
ETERNAL,2024-01-01,2024-01-08,460.13753893485773
BAJFINANCE,2024-01-01,2024-01-08,262.01510847806003
ICICIBANK,2024-01-01,2024-01-08,-50.57234863018584
IRFC,2024-01-01,2024-01-08,51.35201484473146
CGPOWER,2024-01-01,2024-01-08,139.1408944256973
SBIN,2024-01-01,2024-01-08,-60.99402622006619
EICHERMOT,2024-01-08,2024-01-15,-47.32539393338948
JSWSTEEL,2024-01-08,2024-01-15,-108.43125075055377
LTM,2024-01-08,2024-01-15,314.01063342394445
M&M,2024-01-08,2024-01-15,-96.26087496308719
DMART,2024-01-08,2024-01-15,-1.4356919408937756
HINDALCO,2024-01-08,2024-01-15,-59.445922869119386
TATASTEEL,2024-01-08,2024-01-15,-9.312619538973195
KOTAKBANK,2024-01-08,2024-01-15,-64.54413167909297
GODREJCP,2024-01-15,2024-01-23,-50.927064601355596
NESTLEIND,2024-01-15,2024-01-23,-252.56948896745962
BAJAJFINSV,2024-01-15,2024-01-23,-273.6151245540241
DRREDDY,2024-01-15,2024-01-23,-147.9951167465215
BRITANNIA,2024-01-15,2024-01-23,-31.281542163942504
HDFCBANK,2024-01-15,2024-01-23,-773.07300857476
ASIANPAINT,2024-01-15,2024-01-23,-432.1565491897809
BANKBARODA,2024-01-15,2024-01-23,53.64388777037402
DIVISLAB,2024-01-15,2024-01-29,-353.7428166927716
LTM,2024-01-23,2024-01-29,-172.4325690200576
TATAPOWER,2024-01-23,2024-01-29,27.244799449070342
VEDL,2024-01-23,2024-01-29,-124.9022668751677
ADANIENT,2024-01-23,2024-01-29,-212.94201867764878
EICHERMOT,2024-01-23,2024-01-29,-112.34753512189445
LODHA,2024-01-23,2024-02-05,-123.63182838463126
DLF,2024-01-23,2024-02-05,-83.33380889722048
WIPRO,2024-01-23,2024-02-05,25.669884131821163
INDIGO,2024-01-29,2024-02-05,628.6000172548893
SOLARINDS,2024-01-29,2024-02-05,-125.91492974742141
PIDILITIND,2024-01-29,2024-02-05,-216.8644424043232
AXISBANK,2024-01-29,2024-02-05,143.7431501131041
TVSMOTOR,2024-01-29,2024-02-05,283.570860674894
TCS,2024-01-29,2024-02-05,149.8499227415773
CHOLAFIN,2024-01-29,2024-02-12,-741.3188898581993
LT,2024-02-05,2024-02-12,-135.2515838325653
ABB,2024-02-05,2024-02-12,-50.000977634412266
TRENT,2024-02-05,2024-02-12,1140.443767434046
TITAN,2024-02-05,2024-02-12,-45.10765899855278
BEL,2024-02-05,2024-02-12,-250.9352723807815
AMBUJACEM,2024-02-05,2024-02-12,220.35438223193614
MAZDOCK,2024-02-05,2024-02-19,-394.00078484825826
CGPOWER,2024-02-05,2024-02-19,-330.3494816297489
IRFC,2024-02-05,2024-02-19,-609.5171117999153
BAJAJFINSV,2024-02-12,2024-02-19,-53.573344542485756
PFC,2024-02-12,2024-02-19,28.002548858603404
BRITANNIA,2024-02-12,2024-02-19,-88.36775181015128
LODHA,2024-02-12,2024-02-19,-127.57754603498415
GAIL,2024-02-12,2024-02-19,340.8778493864602
TATACONSUM,2024-02-12,2024-02-19,74.89587944345203
HINDALCO,2024-02-19,2024-02-26,-35.97336959108998
MOTHERSON,2024-02-19,2024-02-26,8.280246969532527
TATAPOWER,2024-02-19,2024-02-26,-112.9886873181531
GRASIM,2024-02-19,2024-02-26,246.73312897032974
UNIONBANK,2024-02-19,2024-02-26,-44.09475533999921
VEDL,2024-02-19,2024-02-26,-43.062396584717135
SOLARINDS,2024-02-19,2024-02-26,85.33439523182551
INDIGO,2024-02-19,2024-02-26,229.65721373347333
RECLTD,2024-02-19,2024-03-04,-186.5196782002722
COALINDIA,2024-02-26,2024-03-04,74.96110820245303
BPCL,2024-02-26,2024-03-04,45.427626108385994
PFC,2024-02-26,2024-03-04,37.67867037524229
TRENT,2024-02-26,2024-03-04,8.259259998018933
MUTHOOTFIN,2024-02-26,2024-03-04,-73.19690908166649
BANKBARODA,2024-02-26,2024-03-04,72.94970150905465
PNB,2024-02-26,2024-03-04,-121.24734784326756
IRFC,2024-02-26,2024-03-04,-259.75930258312655
IOC,2024-02-26,2024-03-11,-118.10390872614607
ADANIENSOL,2024-03-04,2024-03-11,-85.30832543749057
MAXHEALTH,2024-03-04,2024-03-11,53.89717427769665
APOLLOHOSP,2024-03-04,2024-03-11,-137.8821040337407
VBL,2024-03-04,2024-03-11,-116.42020727365616
HDFCAMC,2024-03-04,2024-03-11,-69.74775861677881
ADANIPOWER,2024-03-04,2024-03-11,128.9363073074901
DRREDDY,2024-03-04,2024-03-11,86.45842403915594
EICHERMOT,2024-03-04,2024-03-11,-95.24480984297179
M&M,2024-03-11,2024-03-18,-354.6721228207234
ETERNAL,2024-03-11,2024-03-18,17.571440026900746
ADANIENT,2024-03-11,2024-03-18,-424.7247456731757
GODREJCP,2024-03-11,2024-03-18,-210.90236424269187
INFY,2024-03-11,2024-03-18,44.12981478855181
IRFC,2024-03-11,2024-03-18,-310.18666297009713
ADANIGREEN,2024-03-11,2024-03-18,-399.496502539826
SBILIFE,2024-03-11,2024-03-18,-177.24442972429006
LODHA,2024-03-18,2024-03-26,712.9424284108572
BEL,2024-03-18,2024-03-26,194.30761591378905
PFC,2024-03-18,2024-03-26,101.20966964795753
TATAPOWER,2024-03-18,2024-03-26,86.37272958299218
NTPC,2024-03-18,2024-03-26,17.16814672955934
DLF,2024-03-18,2024-03-26,266.3328199614416
TATASTEEL,2024-03-18,2024-03-26,351.17601083080626
COALINDIA,2024-03-18,2024-03-26,224.1775678503427
BANKBARODA,2024-03-18,2024-03-26,100.25064171621307
TMPV,2024-03-18,2024-03-26,146.62593442103935
ADANIENSOL,2024-03-26,2024-04-01,222.71986994979943
BRITANNIA,2024-03-26,2024-04-01,145.19990795973172
TCS,2024-03-26,2024-04-08,75.48761675440846
INFY,2024-03-26,2024-04-08,-77.05722190413508
TATACONSUM,2024-03-26,2024-04-08,43.78638809466793
HCLTECH,2024-03-26,2024-04-08,-75.24987863545721
WIPRO,2024-03-26,2024-04-08,11.22544536465648
ADANIGREEN,2024-03-26,2024-04-08,284.25153019475874
TRENT,2024-03-26,2024-04-08,25.567687089352148
VBL,2024-03-26,2024-04-08,396.1977569822029
TECHM,2024-04-01,2024-04-08,46.95225069422759
BHARTIARTL,2024-04-01,2024-04-15,-128.6797147696616
TVSMOTOR,2024-04-08,2024-04-15,-248.55836275371348
CGPOWER,2024-04-08,2024-04-15,-512.0639548717136
NESTLEIND,2024-04-08,2024-04-15,-95.04166669186361
GODREJCP,2024-04-08,2024-04-15,-286.6498720079253
GRASIM,2024-04-08,2024-04-15,-68.34571552742455
HDFCAMC,2024-04-08,2024-04-15,-100.2559375182309
BPCL,2024-04-08,2024-04-15,-111.43596695007182
CIPLA,2024-04-08,2024-04-22,-467.2716108698369
VBL,2024-04-15,2024-04-22,173.86158981122298
RECLTD,2024-04-15,2024-04-22,-97.11922168220372
ADANIPOWER,2024-04-15,2024-04-22,174.72029421489697
SUNPHARMA,2024-04-15,2024-04-22,1.7487895830090565
TITAN,2024-04-15,2024-04-22,-71.07951782303962
WIPRO,2024-04-15,2024-04-22,-241.28527338216645
ADANIENSOL,2024-04-15,2024-04-22,63.19725568306512
UNIONBANK,2024-04-15,2024-04-29,283.62338993435606
MAXHEALTH,2024-04-22,2024-04-29,-97.42807176856513
TVSMOTOR,2024-04-22,2024-04-29,322.4253906298727
ADANIGREEN,2024-04-22,2024-04-29,2.857746174424392
ZYDUSLIFE,2024-04-22,2024-04-29,39.180258972148295
UNITDSPR,2024-04-22,2024-04-29,329.8164460371763
ADANIENT,2024-04-22,2024-04-29,72.05478055376443
LT,2024-04-22,2024-04-29,6.274574774441589
DLF,2024-04-22,2024-04-29,328.89488055384754
INDIGO,2024-04-22,2024-04-29,348.95866408549455
INDHOTEL,2024-04-29,2024-05-06,-64.2268781563389
TATACONSUM,2024-04-29,2024-05-06,-67.3770367060888
DMART,2024-04-29,2024-05-06,24.191729787447912
SBILIFE,2024-04-29,2024-05-06,11.692653835752026
M&M,2024-04-29,2024-05-06,422.06194486055756
RELIANCE,2024-04-29,2024-05-06,-98.3030505931074
SUNPHARMA,2024-04-29,2024-05-06,-33.5521400461912
ADANIPOWER,2024-04-29,2024-05-06,-4.969732920582828
ETERNAL,2024-04-29,2024-05-06,300.1752489373057
APOLLOHOSP,2024-05-06,2024-05-13,-271.00864845197884
BHARTIARTL,2024-05-06,2024-05-13,87.63481118705113
NESTLEIND,2024-05-06,2024-05-13,103.65184632099681
ADANIENT,2024-05-06,2024-05-13,-420.9342171639919
LT,2024-05-06,2024-05-13,-286.03488254089916
MAZDOCK,2024-05-06,2024-05-13,-482.62224091000553
JSWSTEEL,2024-05-06,2024-05-13,-264.42861529568654
AMBUJACEM,2024-05-06,2024-05-13,-495.0448405930265
HAL,2024-05-06,2024-05-13,-92.92703249067245
PFC,2024-05-13,2024-05-21,691.8605202146991
CANBK,2024-05-13,2024-05-21,255.48892741980126
SHRIRAMFIN,2024-05-13,2024-05-21,26.20193198382185
PNB,2024-05-13,2024-05-21,90.54350843930933
TATAPOWER,2024-05-13,2024-05-21,411.9123822760366
RECLTD,2024-05-13,2024-05-21,357.38571483043415
BANKBARODA,2024-05-13,2024-05-21,-13.469638208219294
LODHA,2024-05-13,2024-05-21,416.8339819033954
IOC,2024-05-13,2024-05-21,171.58050540448494
UNIONBANK,2024-05-13,2024-05-21,73.26759538337865
GODREJCP,2024-05-21,2024-05-27,8.517257131752558
TCS,2024-05-21,2024-05-27,-7.754757851685099
CIPLA,2024-05-21,2024-05-27,283.5951232332245
BRITANNIA,2024-05-21,2024-05-27,181.3170437474937
NESTLEIND,2024-05-21,2024-05-27,-14.518309048784431
TMPV,2024-05-21,2024-05-27,32.01617886424356
ETERNAL,2024-05-21,2024-06-03,-390.4553907513082
TORNTPHARM,2024-05-27,2024-06-03,-205.19650367751547
INDIGO,2024-05-27,2024-06-03,29.95146333446519
SUNPHARMA,2024-05-27,2024-06-03,-1.9207490127409983
CHOLAFIN,2024-05-27,2024-06-03,-2.4054793579034595
VBL,2024-05-27,2024-06-03,-161.8247690269245
DLF,2024-05-27,2024-06-03,81.0317385611861
MAXHEALTH,2024-05-27,2024-06-10,250.78649860724545
CUMMINSIND,2024-05-27,2024-06-10,-139.27146850736244
DMART,2024-06-03,2024-06-10,340.8548856701
HINDZINC,2024-06-03,2024-06-10,-528.6143429252343
ZYDUSLIFE,2024-06-03,2024-06-10,64.7757060782751
ONGC,2024-06-03,2024-06-10,-378.2167518852648
GRASIM,2024-06-03,2024-06-10,-73.92155942654244
TRENT,2024-06-03,2024-06-10,328.89294017174143
ADANIENSOL,2024-06-10,2024-06-18,-217.79936129346243
RECLTD,2024-06-10,2024-06-18,333.28492227784864
UNIONBANK,2024-06-10,2024-06-18,-17.13364565376196
ADANIENT,2024-06-10,2024-06-18,42.3044922114359
HAL,2024-06-10,2024-06-18,622.5580816301836
BEL,2024-06-10,2024-06-18,509.1839707988738
BPCL,2024-06-10,2024-06-18,281.98975260423686
ADANIPORTS,2024-06-10,2024-06-18,132.00581452687402
LT,2024-06-10,2024-06-18,155.77152849965023
HINDUNILVR,2024-06-18,2024-06-24,-126.49050135789457
HINDZINC,2024-06-18,2024-06-24,-62.92940867429297
ADANIGREEN,2024-06-18,2024-06-24,-162.39719649393282
ADANIPOWER,2024-06-18,2024-06-24,-318.50999388145647
UNITDSPR,2024-06-18,2024-06-24,-92.53619816129958
VEDL,2024-06-18,2024-06-24,109.58351557366586
INDIGO,2024-06-18,2024-06-24,-31.84176777699122
TATACONSUM,2024-06-18,2024-06-24,-237.5201817911966
WIPRO,2024-06-18,2024-06-24,86.30091906032158
GODREJCP,2024-06-18,2024-07-01,-130.66535855382335
LT,2024-06-24,2024-07-01,-16.020519037686427
PFC,2024-06-24,2024-07-01,123.99166161712674
MUTHOOTFIN,2024-06-24,2024-07-01,289.85103651184636
NTPC,2024-06-24,2024-07-01,413.2961061434007
TATAPOWER,2024-06-24,2024-07-01,34.45031326608023
SUNPHARMA,2024-06-24,2024-07-01,141.98295691300336
UNIONBANK,2024-07-01,2024-07-08,-167.15923844622466
LODHA,2024-07-01,2024-07-08,110.25613507435355
DLF,2024-07-01,2024-07-08,10.456331660294381
CIPLA,2024-07-01,2024-07-08,82.9358180704703
EICHERMOT,2024-07-01,2024-07-08,83.18504089638282
VEDL,2024-07-01,2024-07-08,243.74193438457132
JINDALSTEL,2024-07-01,2024-07-08,-9.173486359472918
TVSMOTOR,2024-07-01,2024-07-08,196.9173773088878
TATASTEEL,2024-07-01,2024-07-08,-41.41190271909636
ADANIPOWER,2024-07-01,2024-07-08,-114.06092119470304
MAXHEALTH,2024-07-08,2024-07-15,-245.85820442587737
SHRIRAMFIN,2024-07-08,2024-07-15,-147.86337156412355
UNITDSPR,2024-07-08,2024-07-15,120.44870169939622
HDFCBANK,2024-07-08,2024-07-15,-130.7423197341068
PIDILITIND,2024-07-08,2024-07-15,58.08722358749037
ADANIGREEN,2024-07-08,2024-07-15,-141.261302379251
JIOFIN,2024-07-08,2024-07-15,-19.79448505412438
INDHOTEL,2024-07-08,2024-07-15,-286.0033866046897
CANBK,2024-07-08,2024-07-22,-327.1254205837322
LODHA,2024-07-15,2024-07-22,-77.37705075569738
BANKBARODA,2024-07-15,2024-07-22,-122.86963480109534
M&M,2024-07-15,2024-07-22,17.36019158534782
VEDL,2024-07-15,2024-07-22,-199.88588961640653
HINDZINC,2024-07-15,2024-07-22,-403.40431304135836
PNB,2024-07-15,2024-07-22,-145.4485389414649
CGPOWER,2024-07-15,2024-07-29,-6.923600478659864
CUMMINSIND,2024-07-15,2024-07-29,-272.20528439423924
HAL,2024-07-22,2024-07-29,110.5532913942352
SIEMENS,2024-07-22,2024-07-29,232.70591808710378
BEL,2024-07-22,2024-07-29,104.93897894581005
TRENT,2024-07-22,2024-07-29,361.0726376312923
RECLTD,2024-07-22,2024-07-29,230.87339272215104
MAZDOCK,2024-07-22,2024-08-05,-250.93951897938678
IRFC,2024-07-29,2024-08-05,-251.3865097611224
AXISBANK,2024-07-29,2024-08-05,-242.23236783659377
HINDZINC,2024-07-29,2024-08-05,164.26453729523473
SBIN,2024-07-29,2024-08-05,-332.99892696597726
RELIANCE,2024-07-29,2024-08-05,-169.0073551224823
MUTHOOTFIN,2024-07-29,2024-08-05,167.76030922524933
ICICIBANK,2024-07-29,2024-08-05,-209.2435622194671
WIPRO,2024-07-29,2024-08-12,-517.1508883269416
LODHA,2024-08-05,2024-08-12,160.78531430326439
VBL,2024-08-05,2024-08-12,-239.93457126984868
EICHERMOT,2024-08-05,2024-08-12,151.0644509764279
CUMMINSIND,2024-08-05,2024-08-12,463.9647847540382
LTM,2024-08-05,2024-08-12,62.14958132222455
M&M,2024-08-05,2024-08-12,100.1569177228148
AMBUJACEM,2024-08-05,2024-08-12,-292.20234037238515
HAL,2024-08-05,2024-08-12,145.66191823290683
GRASIM,2024-08-05,2024-08-19,-116.62623855771744
ADANIENSOL,2024-08-12,2024-08-19,63.49286566813771
TATAPOWER,2024-08-12,2024-08-19,-50.49693149264567
IRFC,2024-08-12,2024-08-19,-3.0976686125522974
ADANIGREEN,2024-08-12,2024-08-19,298.2339409177448
PFC,2024-08-12,2024-08-19,48.740728366460644
ADANIPOWER,2024-08-12,2024-08-19,189.11992970901974
IOC,2024-08-12,2024-08-19,36.81783186253415
HINDZINC,2024-08-12,2024-08-26,-943.412228947127
ZYDUSLIFE,2024-08-19,2024-08-26,-380.28087460378265
VBL,2024-08-19,2024-08-26,654.480067367982
DIVISLAB,2024-08-19,2024-08-26,158.97469966407152
GODREJCP,2024-08-19,2024-08-26,64.20952164994833
UNITDSPR,2024-08-19,2024-08-26,74.83270821954466
PIDILITIND,2024-08-19,2024-08-26,-48.79495066153686
HDFCLIFE,2024-08-19,2024-08-26,358.45351845551613
COALINDIA,2024-08-19,2024-08-26,321.7194516300524
NTPC,2024-08-19,2024-08-26,-42.2639870721232
ONGC,2024-08-26,2024-09-02,91.60594990884965
MAXHEALTH,2024-08-26,2024-09-02,83.76411781550996
M&M,2024-08-26,2024-09-02,128.07813187510055
ADANIENSOL,2024-08-26,2024-09-02,-339.6466350587889
DMART,2024-08-26,2024-09-02,37.21597835072498
DLF,2024-08-26,2024-09-02,-106.77931315801197
MAZDOCK,2024-08-26,2024-09-09,26.88630053927045
ADANIPOWER,2024-08-26,2024-09-09,-455.5146525504406
CGPOWER,2024-09-02,2024-09-09,-249.97127322798406
ZYDUSLIFE,2024-09-02,2024-09-09,-206.15353398061052
VBL,2024-09-02,2024-09-09,-47.65759473707021
ETERNAL,2024-09-02,2024-09-09,170.8998150008174
ADANIGREEN,2024-09-02,2024-09-09,38.314503739960855
HAL,2024-09-02,2024-09-09,-46.64982322946253
AMBUJACEM,2024-09-02,2024-09-09,-12.893068193789986
IRFC,2024-09-02,2024-09-16,-484.5309583202197
COALINDIA,2024-09-09,2024-09-16,18.092966180238363
GAIL,2024-09-09,2024-09-16,-106.9369801702378
NTPC,2024-09-09,2024-09-16,146.84877761492316
BEL,2024-09-09,2024-09-16,168.6567131282727
HINDALCO,2024-09-09,2024-09-16,116.70425716638692
DRREDDY,2024-09-09,2024-09-16,-34.15733325773817
ONGC,2024-09-09,2024-09-23,-490.29846346973227
TMPV,2024-09-09,2024-09-23,-496.6897095860504
HDFCLIFE,2024-09-16,2024-09-23,46.94811007104181
ADANIGREEN,2024-09-16,2024-09-23,496.39196726982937
SBILIFE,2024-09-16,2024-09-23,53.4326184450174
BPCL,2024-09-16,2024-09-23,-269.2409767582976
MAZDOCK,2024-09-16,2024-09-23,75.31136259644882
PFC,2024-09-16,2024-09-30,-186.25056234031763
RECLTD,2024-09-16,2024-09-30,-148.78172796051422
HAL,2024-09-23,2024-09-30,55.434062180340334
ZYDUSLIFE,2024-09-23,2024-09-30,65.52228995694531
TCS,2024-09-23,2024-09-30,-47.16052761396077
BEL,2024-09-23,2024-09-30,277.8371553009529
GRASIM,2024-09-23,2024-09-30,118.90416319570795
IOC,2024-09-23,2024-09-30,441.18020508992777
IRFC,2024-09-23,2024-09-30,-301.92395964737534
GAIL,2024-09-23,2024-09-30,605.863250451127
LODHA,2024-09-30,2024-10-07,-417.44094783730543
VBL,2024-09-30,2024-10-07,-583.9147341310609
GODREJCP,2024-09-30,2024-10-07,-221.01614957113088
ETERNAL,2024-09-30,2024-10-07,-28.524815259673233
MAZDOCK,2024-09-30,2024-10-07,-190.99788684662872
LTM,2024-09-30,2024-10-07,28.069868034797764
ICICIBANK,2024-09-30,2024-10-07,-295.4457260056197
MAXHEALTH,2024-09-30,2024-10-14,-109.08717783751308
CHOLAFIN,2024-10-07,2024-10-14,39.28887070786095
DLF,2024-10-07,2024-10-14,-30.18074847734715
SHRIRAMFIN,2024-10-07,2024-10-14,-44.68599271331095
AXISBANK,2024-10-07,2024-10-14,-97.78962936238258
BHARTIARTL,2024-10-07,2024-10-14,95.89900982364088
CGPOWER,2024-10-07,2024-10-14,1215.5664592545654
DMART,2024-09-30,2024-10-21,-1137.4816942562084
POWERGRID,2024-10-07,2024-10-21,-175.93732868005736
SBILIFE,2024-10-14,2024-10-21,-108.61205624650029
TATASTEEL,2024-10-14,2024-10-21,-280.45344800951625
PIDILITIND,2024-10-14,2024-10-21,59.4035865110518
BRITANNIA,2024-10-14,2024-10-21,-158.94719839584468
ITC,2024-10-14,2024-10-21,-98.66910145763268
HINDZINC,2024-10-14,2024-10-21,120.37061140746664
TCS,2024-10-14,2024-10-21,-40.79651187567197
VEDL,2024-10-14,2024-10-21,-252.74833054310875
ETERNAL,2024-10-21,2024-10-28,-192.86050443390013
LTM,2024-10-21,2024-10-28,-160.34547283693882
TRENT,2024-10-21,2024-10-28,-342.52276221767534
ZYDUSLIFE,2024-10-21,2024-10-28,-232.54547172358798
M&M,2024-10-21,2024-11-04,-350.7937661141732
CGPOWER,2024-10-21,2024-11-04,-874.1058953080319
MAZDOCK,2024-10-28,2024-11-04,-11.960057993220289
TVSMOTOR,2024-10-28,2024-11-04,111.27974637649368
HINDALCO,2024-10-28,2024-11-04,30.043138678272953
CUMMINSIND,2024-10-28,2024-11-04,114.34450239042462
HAL,2024-10-28,2024-11-04,54.10607665937641
INDIGO,2024-11-04,2024-11-11,-99.52864808964068
TORNTPHARM,2024-11-04,2024-11-11,-67.80932288340318
TECHM,2024-11-04,2024-11-11,191.53020485315574
INFY,2024-11-04,2024-11-11,275.08633655885114
HCLTECH,2024-11-04,2024-11-11,212.32562186974974
BHARTIARTL,2024-11-04,2024-11-11,-275.40471897176667
LTM,2024-11-04,2024-11-11,149.6144825429401
TRENT,2024-11-04,2024-11-18,-499.94612730327935
HINDZINC,2024-11-11,2024-11-18,-69.10840098383505
MUTHOOTFIN,2024-11-11,2024-11-18,149.84529491471494
HINDALCO,2024-11-11,2024-11-18,-90.38365525488916
GRASIM,2024-11-11,2024-11-18,-99.25351268723443
NTPC,2024-11-11,2024-11-18,-332.63864467042913
TATAPOWER,2024-11-11,2024-11-18,-376.0829419433776
EICHERMOT,2024-11-11,2024-11-18,81.67191864215692
MOTHERSON,2024-11-04,2024-11-25,-460.9805015159254
MAZDOCK,2024-11-18,2024-11-25,288.50614858458175
VEDL,2024-11-18,2024-11-25,63.69410621465613
JSWSTEEL,2024-11-18,2024-11-25,199.59210101057306
SHRIRAMFIN,2024-11-11,2024-12-02,-21.889750240592548
BEL,2024-11-18,2024-12-02,502.26968040730753
SBIN,2024-11-18,2024-12-02,155.35010356671773
HDFCAMC,2024-11-18,2024-12-02,-115.8189605905327
WIPRO,2024-11-25,2024-12-02,30.85642226537493
ITC,2024-11-25,2024-12-02,-81.14477025281303
MAXHEALTH,2024-11-18,2024-12-09,-3.527059695645221
HDFCLIFE,2024-11-25,2024-12-09,-510.0980579349707
HCLTECH,2024-12-02,2024-12-09,161.1004932555934
INFY,2024-12-02,2024-12-09,155.72246552620618
TECHM,2024-12-02,2024-12-09,169.28615689985145
JSWSTEEL,2024-12-02,2024-12-09,196.7147712788983
POWERGRID,2024-12-02,2024-12-16,65.82229886777804
SUNPHARMA,2024-12-02,2024-12-16,17.25377505367942
BHARTIARTL,2024-12-09,2024-12-16,299.81571370440906
ITC,2024-12-09,2024-12-16,-58.02936712517203
UNITDSPR,2024-12-09,2024-12-16,-44.074828688187154
TORNTPHARM,2024-12-09,2024-12-16,-16.370451374203185
KOTAKBANK,2024-12-09,2024-12-16,82.93754887887644
MUTHOOTFIN,2024-12-09,2024-12-16,424.4468948345948
EICHERMOT,2024-12-02,2024-12-23,-124.22996114649868
DIVISLAB,2024-12-09,2024-12-23,-194.1536097965227
ETERNAL,2024-12-16,2024-12-23,-374.30121347307886
BANKBARODA,2024-12-16,2024-12-23,-431.7295080150252
CGPOWER,2024-12-16,2024-12-23,-350.5001243562783
PFC,2024-12-16,2024-12-23,-590.6397436855441
INDIGO,2024-12-16,2024-12-23,0.12563410817529075
HINDALCO,2024-12-16,2024-12-23,-362.156838013615
MAZDOCK,2024-12-16,2024-12-23,-72.33635286813569
SHRIRAMFIN,2024-12-23,2024-12-30,-26.999237885948787
BEL,2024-12-23,2024-12-30,-82.86700372675477
JSWSTEEL,2024-12-23,2024-12-30,-175.56693998478204
LT,2024-12-23,2024-12-30,-93.40056405503401
TCS,2024-12-23,2024-12-30,-82.61531347168511
TECHM,2024-12-23,2024-12-30,34.802862613940306
LTM,2024-12-23,2025-01-06,-74.63093760297215
VEDL,2024-12-23,2025-01-06,-304.0287219699967
ETERNAL,2024-12-30,2025-01-06,30.226106496160355
MAXHEALTH,2024-12-30,2025-01-06,344.4575934818986
LODHA,2024-12-30,2025-01-06,64.09578362105913
MUTHOOTFIN,2024-12-30,2025-01-06,485.3258069423955
HDFCAMC,2024-12-23,2025-01-13,-508.0149084073496
MAZDOCK,2024-12-30,2025-01-13,-304.8044679610193
WIPRO,2025-01-06,2025-01-13,40.692161618248065
INDIGO,2025-01-06,2025-01-13,-400.0432610747148
ICICIBANK,2025-01-06,2025-01-13,-169.6780157003659
DRREDDY,2025-01-06,2025-01-13,-64.25601722293959
CGPOWER,2025-01-06,2025-01-13,-855.1657465364151
TECHM,2025-01-06,2025-01-13,-57.58453496404309
SUNPHARMA,2025-01-06,2025-01-13,-236.66941798467997
HDFCBANK,2025-01-06,2025-01-20,-440.18437105445173
ETERNAL,2025-01-13,2025-01-20,233.1747108121508
INDHOTEL,2025-01-13,2025-01-20,145.89223295910233
DIVISLAB,2025-01-13,2025-01-20,52.28829330301778
EICHERMOT,2025-01-13,2025-01-20,-34.74001871596738
MUTHOOTFIN,2025-01-13,2025-01-20,-6.828957768051623
TRENT,2025-01-13,2025-01-27,-689.8855463864047
UNITDSPR,2025-01-13,2025-01-27,-246.56161260946647
TORNTPHARM,2025-01-13,2025-01-27,-21.285191607912566
MAXHEALTH,2025-01-20,2025-01-27,30.75491778398191
INFY,2025-01-20,2025-01-27,38.21969936379173
WIPRO,2025-01-20,2025-01-27,259.4297457538469
DRREDDY,2025-01-20,2025-01-27,-373.14514858069015
LTM,2025-01-20,2025-02-03,-75.70878112790979
INDHOTEL,2025-01-27,2025-02-03,165.93068554795354
MAZDOCK,2025-01-27,2025-02-03,45.16898010541627
TCS,2025-01-27,2025-02-03,-104.20641141106807
MUTHOOTFIN,2025-01-27,2025-02-03,-52.23634967206635
HCLTECH,2025-01-20,2025-02-10,-236.6527561099483
DIVISLAB,2025-01-27,2025-02-10,375.54583570812974
BHARTIARTL,2025-01-27,2025-02-10,142.64237575391235
TORNTPHARM,2025-02-03,2025-02-10,116.59412145099668
WIPRO,2025-02-03,2025-02-10,259.3495163158459
TECHM,2025-02-03,2025-02-10,122.09788104593463
KOTAKBANK,2025-02-03,2025-02-10,85.07860181980777
SUNPHARMA,2025-01-27,2025-02-17,-391.0433231363313
UNITDSPR,2025-02-10,2025-02-17,-368.9702588704895
TITAN,2025-02-10,2025-02-17,-249.652952877163
EICHERMOT,2025-02-10,2025-02-17,-737.307417958199
ICICIBANK,2025-02-10,2025-02-17,-61.315369345068575
LTM,2025-02-10,2025-02-17,-521.0932190101939
MAZDOCK,2025-02-10,2025-02-24,-372.22692444838776
INDHOTEL,2025-02-10,2025-02-24,-388.3656981148197
MAXHEALTH,2025-02-17,2025-03-03,-165.50177878715385
INFY,2025-02-17,2025-03-03,-477.0774552079565
HDFCBANK,2025-02-17,2025-03-03,126.18884924381837
TECHM,2025-02-17,2025-03-03,-503.65476169810063
BHARTIARTL,2025-02-24,2025-03-10,2.3801072368150926
INDHOTEL,2025-03-03,2025-03-10,161.98551930908798
JSWSTEEL,2025-03-03,2025-03-10,224.0419476764282
WIPRO,2025-02-17,2025-03-17,-831.5321725289996
DIVISLAB,2025-02-24,2025-03-17,-99.74405877384834
MUTHOOTFIN,2025-02-24,2025-03-17,29.059642830796292
KOTAKBANK,2025-02-24,2025-03-17,77.81560300122055
HDFCBANK,2025-03-10,2025-03-17,10.576386556848774
BAJFINANCE,2025-03-10,2025-03-17,-60.6605659648867
MAXHEALTH,2025-03-10,2025-03-24,934.6485017524565
SHRIRAMFIN,2025-03-10,2025-03-24,325.59573065337463
CHOLAFIN,2025-03-17,2025-03-24,315.38960297305675
EICHERMOT,2025-03-17,2025-03-24,352.9367175232528
INDIGO,2025-03-17,2025-03-24,308.7787935510396
JSWSTEEL,2025-03-17,2025-03-24,239.48333040965827
BAJAJFINSV,2025-03-03,2025-04-01,194.29215001841158
HDFCBANK,2025-03-24,2025-04-01,30.39354503159393
KOTAKBANK,2025-03-24,2025-04-01,153.67169969413044
BHARTIARTL,2025-03-24,2025-04-01,-112.81934320694927
BEL,2025-03-24,2025-04-01,56.95266996869941
HINDALCO,2025-03-17,2025-04-07,-990.9002674076037
TATASTEEL,2025-03-24,2025-04-07,-1117.7501552200793
MAXHEALTH,2025-04-01,2025-04-07,-143.06932932350264
INDHOTEL,2025-04-01,2025-04-07,-389.0376710893788
VEDL,2025-04-01,2025-04-07,-1124.9495243729798
DIVISLAB,2025-04-01,2025-04-07,-833.0908919235562
CHOLAFIN,2025-04-01,2025-04-15,-44.204751830033274
BAJFINANCE,2025-04-01,2025-04-15,244.44009945580365
BAJAJFINSV,2025-04-07,2025-04-15,406.9148461610239
UNIONBANK,2025-04-07,2025-04-15,263.74706366535975
EICHERMOT,2025-04-07,2025-04-15,426.0126619448647
INDIGO,2025-04-07,2025-04-15,532.8525823288219
SHRIRAMFIN,2025-04-01,2025-04-21,335.28374699252436
JSWSTEEL,2025-04-01,2025-04-21,-347.74222080005984
MAZDOCK,2025-04-07,2025-04-21,976.151335933715
INDHOTEL,2025-04-15,2025-04-21,76.98677968976517
ICICIBANK,2025-04-15,2025-04-21,300.55909426884045
HDFCLIFE,2025-04-15,2025-04-21,200.10860217695245
MAXHEALTH,2025-04-15,2025-04-28,-161.24665267768523
MUTHOOTFIN,2025-04-21,2025-04-28,-115.5931874960861
TORNTPHARM,2025-04-21,2025-04-28,-69.69872696903985
BANKBARODA,2025-04-21,2025-04-28,47.46246992940087
PIDILITIND,2025-04-21,2025-04-28,-99.21830268940903
BAJFINANCE,2025-04-21,2025-04-28,-93.05285595620353
INDIGO,2025-04-21,2025-04-28,-178.4217886196393
UNIONBANK,2025-04-21,2025-04-28,-103.99808816133736
SHRIRAMFIN,2025-04-28,2025-05-05,-152.3148537036259
INDHOTEL,2025-04-28,2025-05-05,162.17178478616097
BHARTIARTL,2025-04-28,2025-05-05,56.61652996569683
MAZDOCK,2025-04-28,2025-05-05,708.5679178935379
HDFCLIFE,2025-04-28,2025-05-05,179.08610699834026
AXISBANK,2025-04-28,2025-05-05,58.97778115902565
CHOLAFIN,2025-04-28,2025-05-12,48.31798710331714
EICHERMOT,2025-04-28,2025-05-12,-114.84057363306238
BAJAJFINSV,2025-05-05,2025-05-12,87.231795887521
JSWSTEEL,2025-05-05,2025-05-12,29.671410476917117
ADANIENSOL,2025-05-05,2025-05-12,-344.38797446115586
BAJFINANCE,2025-05-05,2025-05-12,-55.48688780786415
HDFCAMC,2025-05-05,2025-05-19,322.44947375164065
INDIGO,2025-05-12,2025-05-19,99.39528947330109
TATACONSUM,2025-05-12,2025-05-19,144.73573765668152
SBILIFE,2025-05-12,2025-05-19,106.22435676561145
RELIANCE,2025-05-12,2025-05-19,168.39929525109892
GRASIM,2025-05-12,2025-05-19,258.7059360809035
ICICIBANK,2025-05-12,2025-05-19,77.2894776017547
MAZDOCK,2025-05-12,2025-05-19,505.1084282000875
KOTAKBANK,2025-05-12,2025-05-26,-153.52585922665457
MUTHOOTFIN,2025-05-19,2025-05-26,-45.79787306475646
BHARTIARTL,2025-05-19,2025-05-26,-3.084009363864425
UNITDSPR,2025-05-19,2025-05-26,83.41538731611763
BRITANNIA,2025-05-19,2025-05-26,-40.65759211833847
SBIN,2025-05-19,2025-05-26,-40.04163667655757
HDFCBANK,2025-05-19,2025-05-26,-46.45532908335554
BAJAJFINSV,2025-05-19,2025-05-26,-22.969685371294872
PIDILITIND,2025-05-19,2025-05-26,-102.8897205722551
EICHERMOT,2025-05-19,2025-06-02,-208.85055475842
GRASIM,2025-05-26,2025-06-02,-290.9849046771769
HAL,2025-05-26,2025-06-02,-56.96008018451994
JINDALSTEL,2025-05-26,2025-06-02,-141.8419132670515
TVSMOTOR,2025-05-26,2025-06-02,-57.489266560067335
RELIANCE,2025-05-26,2025-06-02,-119.55506314998911
JSWSTEEL,2025-05-26,2025-06-02,-148.0113436270849
TITAN,2025-05-26,2025-06-02,-81.82643359250278
TATACONSUM,2025-05-26,2025-06-09,-146.71772706418233
MAXHEALTH,2025-06-02,2025-06-09,197.23949763367636
GODREJCP,2025-06-02,2025-06-09,-200.4265967681731
INDIGO,2025-06-02,2025-06-09,121.1534489361602
SHRIRAMFIN,2025-06-02,2025-06-09,455.1031354747547
UNITDSPR,2025-06-02,2025-06-09,204.92400143977648
CHOLAFIN,2025-06-02,2025-06-09,113.87626611390078
HDFCLIFE,2025-06-09,2025-06-16,-67.93886049562389
PIDILITIND,2025-06-09,2025-06-16,-92.83020071655119
TVSMOTOR,2025-06-09,2025-06-16,-87.38289291289311
SBILIFE,2025-06-09,2025-06-16,-121.23179190431256
BANKBARODA,2025-06-09,2025-06-16,-258.0710328423793
BAJAJFINSV,2025-06-09,2025-06-16,-24.845134722191688
MAZDOCK,2025-06-09,2025-06-23,-192.847570628393
TATASTEEL,2025-06-09,2025-06-23,-298.21424741657665
ETERNAL,2025-06-16,2025-06-23,-13.81290405728032
LODHA,2025-06-16,2025-06-23,31.19322927644862
TITAN,2025-06-16,2025-06-23,38.72586944563909
INDIGO,2025-06-16,2025-06-23,0.6952890388138258
ADANIPORTS,2025-06-16,2025-06-30,167.38753196682774
UNIONBANK,2025-06-16,2025-06-30,100.91834629153618
CANBK,2025-06-16,2025-06-30,16.77908197099532
PNB,2025-06-16,2025-06-30,-9.615960072072085
BAJFINANCE,2025-06-23,2025-06-30,302.59724990929317
MAXHEALTH,2025-06-23,2025-06-30,292.6952419936906
CUMMINSIND,2025-06-23,2025-06-30,112.11919654129224
DRREDDY,2025-06-23,2025-07-07,-82.11721076114281
MAZDOCK,2025-06-30,2025-07-07,50.2259543380801
HAL,2025-06-30,2025-07-07,47.166068238984735
MUTHOOTFIN,2025-06-30,2025-07-07,146.18503212083033
TECHM,2025-06-30,2025-07-07,-135.11986264676852
DLF,2025-06-30,2025-07-07,-117.67630533016927
LODHA,2025-06-30,2025-07-14,-148.2153757260985
AXISBANK,2025-06-30,2025-07-14,-235.8803985123095
CHOLAFIN,2025-07-07,2025-07-14,-16.40840450692849
KOTAKBANK,2025-07-07,2025-07-14,204.5878297432364
SHRIRAMFIN,2025-07-07,2025-07-14,-87.8707674015177
TATACONSUM,2025-07-07,2025-07-14,-79.75417306926465
NESTLEIND,2025-07-07,2025-07-14,-24.41743771693291
SBILIFE,2025-07-07,2025-07-14,90.90737839015765
HDFCLIFE,2025-07-07,2025-07-14,-219.59817545509395
MAXHEALTH,2025-07-14,2025-07-21,-87.00262827538972
UNIONBANK,2025-07-14,2025-07-21,25.772164200048792
BHARTIARTL,2025-07-14,2025-07-21,-72.42034399313025
DMART,2025-07-14,2025-07-21,-83.29827565334517
TVSMOTOR,2025-07-14,2025-07-21,152.21733618334838
DRREDDY,2025-07-14,2025-07-21,-55.08576150166846
MAZDOCK,2025-07-14,2025-07-28,-290.689531375212
BEL,2025-07-14,2025-07-28,-183.80823718858846
HAL,2025-07-21,2025-07-28,-137.1650954044062
KOTAKBANK,2025-07-21,2025-07-28,-331.9559841153505
SHRIRAMFIN,2025-07-21,2025-07-28,-274.45276971360727
JIOFIN,2025-07-21,2025-07-28,-156.68128558700118
GODREJCP,2025-07-21,2025-07-28,-181.96945797521403
HDFCLIFE,2025-07-21,2025-07-28,129.9141261859677
SBILIFE,2025-07-21,2025-07-28,73.00735083608924
RELIANCE,2025-07-28,2025-08-04,-28.269309183867335
ADANIPOWER,2025-07-28,2025-08-04,-66.40226103269015
TATACONSUM,2025-07-28,2025-08-04,73.71562426531364
ADANIPORTS,2025-07-28,2025-08-04,-225.13553139243504
EICHERMOT,2025-07-28,2025-08-04,55.43627790035771
CANBK,2025-07-28,2025-08-04,-273.8238324731092
TATAPOWER,2025-07-28,2025-08-04,-96.51096438177319
BAJFINANCE,2025-07-28,2025-08-04,-250.03596257380013
UNIONBANK,2025-07-28,2025-08-11,-244.05801484832955
PNB,2025-07-28,2025-08-11,-261.6820360437887
KOTAKBANK,2025-08-04,2025-08-11,-97.42310210391406
DLF,2025-08-04,2025-08-11,-231.7918625694092
TATASTEEL,2025-08-04,2025-08-11,116.81708994769997
JINDALSTEL,2025-08-04,2025-08-11,98.52851339695371
BPCL,2025-08-04,2025-08-11,-4.028238861205864
BEL,2025-08-04,2025-08-11,31.52241050381963
GODREJCP,2025-08-11,2025-08-18,19.5062401117666
JIOFIN,2025-08-11,2025-08-18,126.04894500506452
HYUNDAI,2025-08-11,2025-08-18,317.80674062364324
ICICIBANK,2025-08-11,2025-08-18,32.14670673058299
HDFCBANK,2025-08-11,2025-08-18,48.287901842267274
MAZDOCK,2025-08-04,2025-08-25,158.66538866270366
BRITANNIA,2025-08-11,2025-08-25,165.51643436921768
AMBUJACEM,2025-08-11,2025-08-25,-30.343252154470065
MAXHEALTH,2025-08-18,2025-08-25,58.93501068880687
ADANIPORTS,2025-08-18,2025-08-25,39.18463893833723
HDFCAMC,2025-08-18,2025-08-25,132.08998811616038
TATASTEEL,2025-08-18,2025-08-25,2.1031463132212593
BHARTIARTL,2025-08-18,2025-08-25,62.894108401470476
JSWSTEEL,2025-08-18,2025-08-25,-40.80470262556446
JINDALSTEL,2025-08-18,2025-08-25,28.53481516980446
MUTHOOTFIN,2025-08-25,2025-09-01,-100.36405005196684
BEL,2025-08-25,2025-09-01,-148.64205033079634
LT,2025-08-25,2025-09-01,-46.16840098538978
JIOFIN,2025-08-25,2025-09-01,-213.7881616185714
HAL,2025-08-25,2025-09-01,-203.62998794819305
HDFCBANK,2025-08-25,2025-09-01,-188.81249466046484
SBIN,2025-08-25,2025-09-01,-122.56536618985865
MAXHEALTH,2025-09-01,2025-09-08,45.20895871186167
CANBK,2025-09-01,2025-09-08,142.34482214381478
JINDALSTEL,2025-09-01,2025-09-08,423.1830739044599
HDFCAMC,2025-09-01,2025-09-08,29.17046561732559
M&M,2025-09-01,2025-09-08,363.6935935058218
RELIANCE,2025-09-01,2025-09-08,56.971228533696376
AMBUJACEM,2025-09-01,2025-09-08,5.702547948163556
CIPLA,2025-09-08,2025-09-15,4.795470387154637
HDFCLIFE,2025-09-08,2025-09-15,50.25684509689199
GODREJCP,2025-09-08,2025-09-15,-12.872279250575048
LT,2025-09-08,2025-09-15,-20.027076227514044
JIOFIN,2025-09-08,2025-09-15,-33.14733018334664
SBILIFE,2025-09-08,2025-09-15,30.338235906661794
BHARTIARTL,2025-09-08,2025-09-15,-19.983419469287128
ICICIBANK,2025-09-08,2025-09-15,25.586312154225197
HINDUNILVR,2025-09-08,2025-09-22,-159.89259336757095
DMART,2025-09-15,2025-09-22,133.63370802028476
ETERNAL,2025-09-15,2025-09-22,250.14738187370676
AMBUJACEM,2025-09-15,2025-09-22,163.4279984392606
TORNTPHARM,2025-09-15,2025-09-22,7.931282899836788
TITAN,2025-09-15,2025-09-29,-259.4795142537537
ASIANPAINT,2025-09-15,2025-09-29,-420.957109711273
HINDZINC,2025-09-22,2025-09-29,-39.025943899199774
HINDALCO,2025-09-22,2025-09-29,-26.02483922450938
NESTLEIND,2025-09-22,2025-09-29,-191.46323462236523
MAXHEALTH,2025-09-22,2025-09-29,-160.56772092749634
TMPV,2025-09-22,2025-09-29,-211.53061551554947
ICICIBANK,2025-09-22,2025-09-29,-166.34385612243477
GODREJCP,2025-09-22,2025-09-29,-363.80737775003763
JIOFIN,2025-09-29,2025-10-06,69.35217604840727
DRREDDY,2025-09-29,2025-10-06,-104.35960136718677
CGPOWER,2025-09-29,2025-10-06,5.788420284488893
MAZDOCK,2025-09-29,2025-10-06,32.40724512245106
ZYDUSLIFE,2025-09-29,2025-10-13,38.33217601695014
M&M,2025-09-29,2025-10-13,-17.393533705061145
ADANIPOWER,2025-10-06,2025-10-13,-38.42802345599921
BAJFINANCE,2025-10-06,2025-10-13,117.04085304736054
BHARTIARTL,2025-10-06,2025-10-13,58.50221871607664
DMART,2025-09-29,2025-10-20,-224.5450229429398
HDFCAMC,2025-10-06,2025-10-20,45.10447944949783
JINDALSTEL,2025-10-13,2025-10-20,-55.82627674118066
MOTHERSON,2025-10-13,2025-10-20,49.673832911978934
ADANIENT,2025-10-13,2025-10-20,26.980168342155594
HDFCLIFE,2025-10-13,2025-10-20,29.893704183544287
AMBUJACEM,2025-10-13,2025-10-20,5.702547948163556
TATACONSUM,2025-10-13,2025-10-20,152.3709414383984
ADANIGREEN,2025-10-20,2025-10-27,-127.76770235033928
PNB,2025-10-20,2025-10-27,106.47350420614839
MAZDOCK,2025-10-20,2025-10-27,-49.23725511923567
UNIONBANK,2025-10-20,2025-10-27,143.62597212089713
CANBK,2025-10-20,2025-10-27,-36.215753539325306
TATASTEEL,2025-10-20,2025-10-27,39.65855795655989
VEDL,2025-10-20,2025-10-27,241.73335588366172
HYUNDAI,2025-09-29,2025-11-03,-449.23707411466694
ETERNAL,2025-10-20,2025-11-03,-465.16039532928426
CGPOWER,2025-10-27,2025-11-03,4.495700451492667
MUTHOOTFIN,2025-10-27,2025-11-03,-17.73503393937881
HINDZINC,2025-10-27,2025-11-03,-161.32412505824868
ADANIPORTS,2025-10-27,2025-11-03,33.33032991625623
JSWSTEEL,2025-10-27,2025-11-03,228.54508552135485
ICICIBANK,2025-10-27,2025-11-03,-157.98418298880415
HDFCAMC,2025-10-27,2025-11-10,-91.28909021190702
KOTAKBANK,2025-11-03,2025-11-10,-88.13092145232531
BAJFINANCE,2025-11-03,2025-11-10,109.87460054344774
M&M,2025-11-03,2025-11-10,148.0797383704994
BAJAJFINSV,2025-11-03,2025-11-10,23.73648456297269
MAXHEALTH,2025-11-03,2025-11-10,-56.85427075448115
ZYDUSLIFE,2025-11-03,2025-11-10,-153.68104140655396
ADANIPOWER,2025-11-03,2025-11-17,-157.96013223968657
HINDALCO,2025-11-10,2025-11-17,17.894295048204185
GRASIM,2025-11-10,2025-11-17,24.402685855752225
ADANIGREEN,2025-11-10,2025-11-17,-2.41468829205769
ETERNAL,2025-11-10,2025-11-17,-57.28056523441683
HYUNDAI,2025-11-10,2025-11-17,3.559630010505316
JIOFIN,2025-11-10,2025-11-17,239.94417328421787
BHARTIARTL,2025-11-10,2025-11-17,200.74558361288382
TATAPOWER,2025-11-10,2025-11-24,-79.0295884886009
BAJFINANCE,2025-11-17,2025-11-24,-117.32356802807863
TVSMOTOR,2025-11-17,2025-11-24,13.891324778012404
BAJAJFINSV,2025-11-17,2025-11-24,-36.96877574001337
ONGC,2025-11-17,2025-11-24,-51.50806101878425
TATASTEEL,2025-11-17,2025-12-01,-221.6408572483606
HINDZINC,2025-11-24,2025-12-01,421.6468162793162
VEDL,2025-11-24,2025-12-01,347.36320350894493
ADANIENSOL,2025-11-24,2025-12-01,63.1968442326006
CGPOWER,2025-11-24,2025-12-01,-292.93090280718025
ADANIENT,2025-11-24,2025-12-01,-288.3060720458425
TORNTPHARM,2025-11-24,2025-12-01,5.8272616294525506
JINDALSTEL,2025-11-24,2025-12-01,27.470719465803995
JIOFIN,2025-11-24,2025-12-01,26.76636856840105
ADANIGREEN,2025-11-24,2025-12-01,-16.86481905425353
BHARTIARTL,2025-12-01,2025-12-08,-34.387851784933446
IOC,2025-12-01,2025-12-08,14.229822035468715
SBILIFE,2025-12-01,2025-12-08,43.303609309175954
BPCL,2025-12-01,2025-12-08,-16.343327707253593
MAXHEALTH,2025-12-01,2025-12-08,-275.50117529032923
ONGC,2025-12-01,2025-12-08,-96.67052244168462
BEL,2025-12-01,2025-12-08,-150.17337154122743
NESTLEIND,2025-12-01,2025-12-08,-91.91051992518442
ADANIPOWER,2025-12-01,2025-12-15,-167.76913277612312
JINDALSTEL,2025-12-08,2025-12-15,87.55480020825053
HDFCAMC,2025-12-08,2025-12-15,143.72066590348823
ADANIGREEN,2025-12-08,2025-12-15,105.32603840131833
ETERNAL,2025-12-08,2025-12-15,35.60941440227907
TITAN,2025-12-08,2025-12-15,32.907448692090384
ADANIENSOL,2025-12-08,2025-12-15,140.79177517917196
RELIANCE,2025-12-08,2025-12-15,0.49844617293638294
PNB,2025-12-08,2025-12-22,-89.51320413956091
CANBK,2025-12-08,2025-12-22,-9.933959208670785
ASIANPAINT,2025-12-15,2025-12-22,-14.965544516329828
BEL,2025-12-15,2025-12-22,13.959049999805757
BAJFINANCE,2025-12-15,2025-12-22,-70.79152629257078
BANKBARODA,2025-12-15,2025-12-22,120.58448656659948
BHARTIARTL,2025-12-15,2025-12-22,62.19261201925201
JIOFIN,2025-12-15,2025-12-22,-54.35888773984152
TATACONSUM,2025-12-15,2025-12-22,128.43049253306526
JSWSTEEL,2025-12-15,2025-12-29,-115.08531674296864
CHOLAFIN,2025-12-22,2025-12-29,109.89428281522305
AXISBANK,2025-12-22,2025-12-29,-63.93429671814647
CUMMINSIND,2025-12-22,2025-12-29,-120.14355390776836
JINDALSTEL,2025-12-22,2025-12-29,-70.9315875276834
ADANIENSOL,2025-12-22,2025-12-29,123.12892870621545
UNITDSPR,2025-12-22,2025-12-29,21.03846538120797
M&M,2025-12-22,2025-12-29,-8.477566007869427
ETERNAL,2025-12-22,2026-01-05,-136.4664713083739
SUNPHARMA,2025-12-22,2026-01-05,-88.63087056785844
HDFCAMC,2025-12-29,2026-01-05,-18.726033748370355
UNIONBANK,2025-12-29,2026-01-05,234.6669400719784
SBIN,2025-12-29,2026-01-05,128.81900672340362
IOC,2025-12-29,2026-01-05,200.2697260802379
ADANIPORTS,2025-12-29,2026-01-05,-32.07378931498897
DRREDDY,2025-12-29,2026-01-12,-274.08624786000655
HCLTECH,2025-12-29,2026-01-12,-38.451704833538315
IRFC,2026-01-05,2026-01-12,-355.3666604273121
HYUNDAI,2026-01-05,2026-01-12,-42.46697322687214
HINDZINC,2026-01-05,2026-01-12,-132.44449548071498
TCS,2026-01-05,2026-01-12,-67.03702216447437
INFY,2026-01-05,2026-01-12,-117.20295860723763
BAJFINANCE,2026-01-05,2026-01-12,-140.90173856561614
CUMMINSIND,2026-01-12,2026-01-19,-3.4170396619101666
RELIANCE,2026-01-12,2026-01-19,-108.56800662954629
BPCL,2026-01-12,2026-01-19,108.47010742810562
JINDALSTEL,2026-01-12,2026-01-19,82.98161782323314
IOC,2026-01-12,2026-01-19,93.92405398783285
MOTHERSON,2026-01-12,2026-01-19,-98.08085434422719
ADANIPOWER,2026-01-12,2026-01-19,-32.5221635153448
ADANIENSOL,2026-01-12,2026-01-27,-687.8821784835782
ADANIPORTS,2026-01-12,2026-01-27,-338.2993767922844
BHARTIARTL,2026-01-12,2026-01-27,-135.60965278523236
LT,2026-01-19,2026-01-27,-108.10525817922098
TVSMOTOR,2026-01-19,2026-01-27,-91.26261193355958
CHOLAFIN,2026-01-19,2026-01-27,-185.03893002042423
PNB,2026-01-27,2026-02-02,-47.97254317534134
ADANIPOWER,2026-01-27,2026-02-02,-93.14743791711044
MOTHERSON,2026-01-27,2026-02-02,19.121865316506955
BPCL,2026-01-27,2026-02-02,-106.95121793981889
SBILIFE,2026-01-27,2026-02-02,-98.13122164958031
HYUNDAI,2026-01-27,2026-02-02,-191.5122446506366
TITAN,2026-01-27,2026-02-09,145.1244614207185
BANKBARODA,2026-01-27,2026-02-09,-122.07692636720913
HINDZINC,2026-02-02,2026-02-09,444.00694786848
MUTHOOTFIN,2026-02-02,2026-02-09,211.28201503878245
CANBK,2026-02-02,2026-02-09,228.68270909661624
VEDL,2026-02-02,2026-02-09,177.38513153245458
HINDALCO,2026-02-02,2026-02-09,238.39030484492469
NESTLEIND,2026-02-02,2026-02-09,-21.887847777626575
UNIONBANK,2026-02-02,2026-02-09,299.9133106234631
INFY,2026-02-02,2026-02-09,-455.829724423852
TECHM,2026-02-09,2026-02-16,-332.9107333871216
HCLTECH,2026-02-09,2026-02-16,-483.19199522262534
TORNTPHARM,2026-02-09,2026-02-16,142.7548176007317
AXISBANK,2026-02-09,2026-02-16,-110.87279329762805
SHRIRAMFIN,2026-02-09,2026-02-16,266.23272725870356
SBILIFE,2026-02-09,2026-02-16,41.45604305401548
PNB,2026-02-09,2026-02-23,224.87915447431624
ADANIPOWER,2026-02-16,2026-02-23,129.77138831583397
COALINDIA,2026-02-16,2026-02-23,178.95653961681637
PFC,2026-02-16,2026-02-23,112.29360703922885
CANBK,2026-02-16,2026-02-23,465.61033660190424
HINDALCO,2026-02-16,2026-02-23,224.1457243036475
ADANIENSOL,2026-02-16,2026-02-23,93.67699696449472
ADANIPORTS,2026-02-16,2026-02-23,-54.61370940440611
BPCL,2026-02-16,2026-03-02,-96.71315703706114
HDFCAMC,2026-02-23,2026-03-02,-141.26369524376332
CHOLAFIN,2026-02-23,2026-03-02,-86.57950267118667
IOC,2026-02-23,2026-03-02,148.45485331825785
MOTHERSON,2026-02-23,2026-03-02,-185.2369770154928
MUTHOOTFIN,2026-02-16,2026-03-09,-519.9498756897169
GRASIM,2026-02-23,2026-03-09,-212.56256997980972
BAJFINANCE,2026-03-02,2026-03-09,-281.93007602559646
ADANIPOWER,2026-03-02,2026-03-09,98.38956002184932
SBILIFE,2026-03-02,2026-03-09,-288.5358651298561
SBIN,2026-03-02,2026-03-09,-315.3752803432799
TATACONSUM,2026-03-02,2026-03-09,-130.89567291218646
LT,2026-03-02,2026-03-16,-639.341608934295
BANKBARODA,2026-03-09,2026-03-16,-123.77109346038469
SHRIRAMFIN,2026-03-09,2026-03-16,126.02357458672577
PNB,2026-03-09,2026-03-16,-219.41580081630127
BPCL,2026-03-09,2026-03-16,-405.6557619244877
IOC,2026-03-09,2026-03-23,-564.5242442505996
CANBK,2026-03-09,2026-03-23,-258.1841251148353
TATASTEEL,2026-03-09,2026-03-23,-48.84460955904342
JSWSTEEL,2026-03-16,2026-03-23,94.06446090919962
SBIN,2026-03-16,2026-03-23,-72.3640055063679
UNIONBANK,2026-03-16,2026-03-23,27.97923597535646
MOTHERSON,2026-03-09,2026-03-30,-544.6212000659871
BEL,2026-03-16,2026-03-30,-386.1770117501019
HINDZINC,2026-03-16,2026-03-30,-360.1776012257651
TORNTPHARM,2026-03-23,2026-03-30,-81.26530932531205
SUNPHARMA,2026-03-23,2026-03-30,-6.967392613775701
CUMMINSIND,2026-03-23,2026-03-30,-65.21268406877971
HINDALCO,2026-03-23,2026-04-06,276.38543243028744
VEDL,2026-03-23,2026-04-06,161.07275098115224
PFC,2026-03-30,2026-04-06,93.55325384209118
TITAN,2026-03-30,2026-04-06,130.09276698283884
COALINDIA,2026-03-30,2026-04-06,7.690814233606034
MUTHOOTFIN,2026-03-30,2026-04-06,-22.31032762539553
SHRIRAMFIN,2026-03-23,2026-04-13,314.4710578867698
ADANIENSOL,2026-03-30,2026-04-13,645.8384334239004
NTPC,2026-04-06,2026-04-13,166.1126816183869
UNIONBANK,2026-04-06,2026-04-13,190.67324399185782
JSWSTEEL,2026-04-06,2026-04-13,232.80381320865854
CUMMINSIND,2026-04-06,2026-04-13,313.39546873665495
SBIN,2026-03-30,2026-04-20,267.682140800071
POWERGRID,2026-04-06,2026-04-20,348.961305546346
DMART,2026-04-13,2026-04-20,295.1414022935578
TATAPOWER,2026-04-13,2026-04-20,353.8624549554761
BEL,2026-04-13,2026-04-20,260.26039806712197
NESTLEIND,2026-04-13,2026-04-20,181.49241784304922
TORNTPHARM,2026-04-06,2026-04-27,104.75319215474383
COALINDIA,2026-04-13,2026-04-27,221.83875287342107
ONGC,2026-04-13,2026-04-27,-56.904914133409875
BANKBARODA,2026-04-20,2026-04-27,-132.6353940593999
TVSMOTOR,2026-04-20,2026-05-04,-366.8213798254901
TITAN,2026-04-20,2026-05-04,-159.81285580245003
VEDL,2026-04-27,2026-05-04,70.71116574580628
DMART,2026-04-27,2026-05-04,60.11761147391553
HDFCAMC,2026-04-27,2026-05-04,-52.39105701442713
LT,2026-04-27,2026-05-04,-65.00019284323116
UNIONBANK,2026-04-20,2026-05-11,-684.1591350324479
BEL,2026-04-27,2026-05-11,-113.44292717740245
MUTHOOTFIN,2026-04-27,2026-05-11,-50.57451836629707
SHRIRAMFIN,2026-04-27,2026-05-11,-118.03787144165426
AXISBANK,2026-05-04,2026-05-11,-60.737964884308894
CANBK,2026-05-04,2026-05-11,-119.85355131855431
MOTHERSON,2026-05-04,2026-05-11,306.36610007445506
PFC,2026-05-04,2026-05-11,11.374423528508487
CGPOWER,2026-05-04,2026-05-11,298.6363100079361
ONGC,2026-05-11,2026-05-18,297.7516679276696
COALINDIA,2026-05-11,2026-05-18,28.755105842916237
SBIN,2026-05-11,2026-05-18,-311.63112388214904
DMART,2026-05-11,2026-05-18,-100.4808343987379
ENRIN,2026-05-11,2026-05-18,-117.9556142378683
MAZDOCK,2026-05-11,2026-05-18,-219.70176806161817
DRREDDY,2026-05-11,2026-05-18,112.95774575988298
POWERGRID,2026-05-11,2026-05-18,-318.9662367742212
TATAPOWER,2026-05-11,2026-05-25,-285.8293957070564
SHRIRAMFIN,2026-05-18,2026-05-25,129.9784686569601
SIEMENS,2026-05-18,2026-05-25,232.84876147975456
HDFCAMC,2026-05-18,2026-05-25,77.61151594773037
CGPOWER,2026-05-18,2026-05-25,256.2463160319767
ADANIENSOL,2026-05-18,2026-05-25,225.73889115444445
TITAN,2026-05-18,2026-06-01,-63.40850930800207
BEL,2026-05-18,2026-06-01,-161.85979692828914
TATASTEEL,2026-05-25,2026-06-01,-66.29057128555633
PFC,2026-05-25,2026-06-01,-113.11778682340173
DRREDDY,2026-05-25,2026-06-01,-62.29105878371183
NTPC,2026-05-25,2026-06-01,-96.26725374649504
POWERGRID,2026-05-25,2026-06-08,-283.59242008804813
TATACONSUM,2026-05-25,2026-06-08,-339.4277782367035
ONGC,2026-05-25,2026-06-08,-474.4512044134235
SUNPHARMA,2026-05-25,2026-06-08,-149.82780185280308
TORNTPHARM,2026-06-01,2026-06-08,-122.59102971711127
GRASIM,2026-06-01,2026-06-08,-120.45109159745607
VEDL,2026-06-08,2026-06-15,-3.444073200211278
HINDZINC,2026-06-08,2026-06-15,93.06114282892759
NTPC,2026-06-08,2026-06-15,-55.74312976875353
MOTHERSON,2026-06-08,2026-06-15,102.79957208950509
ENRIN,2026-06-08,2026-06-15,18.624428550077937
JINDALSTEL,2026-06-08,2026-06-15,-69.13894294359397
NESTLEIND,2026-06-08,2026-06-15,71.43807182372984
ADANIPOWER,2026-06-08,2026-06-22,-24.85746069040397
SIEMENS,2026-06-08,2026-06-22,127.4605855859345
COALINDIA,2026-06-15,2026-06-22,2.064773212361615
ADANIENSOL,2026-06-15,2026-06-22,-10.768571972907921
TATASTEEL,2026-06-15,2026-06-22,-50.49919022539052
ADANIENT,2026-06-15,2026-06-22,51.408282898080415
TATAPOWER,2026-06-15,2026-06-22,16.092079996935354
TORNTPHARM,2026-06-22,2026-06-29,27.135504405612664
ZYDUSLIFE,2026-06-22,2026-06-29,102.51040427491716
JINDALSTEL,2026-06-22,2026-06-29,-382.1874208065574
DRREDDY,2026-06-22,2026-06-29,298.1058328551849
HINDALCO,2026-06-08,2026-07-06,-433.63542586453514
VEDL,2026-06-22,2026-07-06,-337.23872566976206
JSWSTEEL,2026-06-22,2026-07-06,-211.90513558068005
ASIANPAINT,2026-06-22,2026-07-06,-46.17327245662591
VBL,2026-06-29,2026-07-06,-14.115479411419074
COALINDIA,2026-06-29,2026-07-06,-3.887838901106079
ENRIN,2026-06-29,2026-07-13,-231.02567995417712
SIEMENS,2026-06-29,2026-07-13,-201.6950904055775
CGPOWER,2026-07-06,2026-07-13,24.94617961356016
LT,2026-07-06,2026-07-13,-165.36730439239
ADANIPOWER,2026-07-06,2026-07-13,-155.1430980216519
AXISBANK,2026-07-06,2026-07-13,-152.26074293518377
MOTHERSON,2026-07-06,2026-07-20,-116.84554288172876
PFC,2026-07-06,2026-07-20,-246.87359136035593
TRENT,2026-07-13,2026-07-20,-72.01843581794401
VBL,2026-07-13,2026-07-20,-162.95428648118832
MAXHEALTH,2026-07-13,2026-07-20,-100.49504817171601
ASIANPAINT,2026-07-13,2026-07-20,11.29963859270174
ADANIPORTS,2026-07-13,2026-07-20,18.873569029345617
VEDL,2026-07-13,2026-07-27,-102.39686442067523
GRASIM,2026-07-20,2026-07-27,-64.09662562790982
DLF,2026-07-20,2026-07-27,-139.95960259827234
INDHOTEL,2026-07-20,2026-07-27,-8.276772765101668
PIDILITIND,2026-07-20,2026-07-27,28.57784779106396
HINDALCO,2026-07-20,2026-07-27,-31.481270870709068
ENRIN,2026-07-20,2026-08-03,-172.90714002031746
LODHA,2026-07-20,2026-08-03,146.85037497067378
CHOLAFIN,2026-07-27,2026-08-03,221.62706824913312
BAJFINANCE,2026-07-27,2026-08-03,563.9107605456384
ZYDUSLIFE,2026-07-27,2026-08-03,57.50150380968171
ADANIGREEN,2026-07-27,2026-08-10,-147.86151783003152
ADANIENT,2026-07-27,2026-08-10,-53.83716208687247
ADANIPORTS,2026-07-27,2026-08-10,-218.613628258488
CGPOWER,2026-07-27,2026-08-10,6.8297263038230085
ADANIENSOL,2026-08-03,2026-08-10,-78.20239779213853
ADANIPOWER,2026-08-03,2026-08-10,-92.34375696615098
BAJFINANCE,2026-08-10,2026-08-17,-26.154141342191906
GAIL,2026-08-10,2026-08-17,-29.26870103098645
MAXHEALTH,2026-08-10,2026-08-17,-277.9087142608337
LODHA,2026-08-10,2026-08-17,38.672406357865384
SUNPHARMA,2026-08-10,2026-08-17,-42.17735841981448
RECLTD,2026-08-10,2026-08-17,-403.3386632107299
PFC,2026-08-10,2026-08-17,-431.36330326694497
VEDL,2026-08-17,2026-08-24,158.3710980355736
SBIN,2026-08-17,2026-08-24,-98.97207782033365
TVSMOTOR,2026-08-17,2026-08-24,33.74486028136835
GRASIM,2026-08-17,2026-08-24,46.23409509717658
JSWSTEEL,2026-08-17,2026-08-24,71.05292875372379
NESTLEIND,2026-08-17,2026-08-24,-71.1111069156268
M&M,2026-08-17,2026-08-24,-38.78925084249795
INDHOTEL,2026-08-17,2026-08-24,23.01174298594924
ADANIENSOL,2026-08-24,2026-08-31,61.04787542678514
TECHM,2026-08-24,2026-08-31,90.28191742467516
PIDILITIND,2026-08-24,2026-08-31,-71.54573485144647
CGPOWER,2026-08-24,2026-08-31,51.34050280688007
TRENT,2026-08-24,2026-08-31,-56.31969941534999
UNITDSPR,2026-08-31,2026-09-07,-132.6701912655485
NESTLEIND,2026-08-31,2026-09-07,-166.26699084350003
INDHOTEL,2026-08-31,2026-09-07,73.46582099427178
MOTHERSON,2026-08-31,2026-09-07,-147.6061077121276
GRASIM,2026-08-31,2026-09-07,2.1125133472323796
BAJFINANCE,2026-08-31,2026-09-07,-55.548642216082044
TVSMOTOR,2026-08-31,2026-09-07,-196.71322664683794
ENRIN,2026-08-17,2026-09-15,-366.3777343903803
SHRIRAMFIN,2026-08-31,2026-09-15,-174.2858999957307
ADANIENSOL,2026-09-07,2026-09-15,-138.91150405299777
ADANIENT,2026-09-07,2026-09-15,111.37062355164062
ZYDUSLIFE,2026-09-07,2026-09-15,-12.380492304200743
VEDL,2026-09-07,2026-09-15,-168.43999056157463
HINDZINC,2026-09-07,2026-09-15,-193.5751373191265
DLF,2026-09-15,2026-09-21,-28.666128617185223
TMCV,2026-09-15,2026-09-21,-42.5769596428363
PIDILITIND,2026-09-15,2026-09-21,32.910621048457415
UNIONBANK,2026-09-15,2026-09-21,-93.04790578310258
UNITDSPR,2026-09-15,2026-09-21,-57.815397621091506
JSWSTEEL,2026-09-15,2026-09-21,16.84570463005184
TECHM,2026-09-15,2026-09-21,-147.10083155866732
