sym,entry_date,exit_date,entry,exit,qty,net,days
BEL,2022-08-02,2022-09-27,94.39429999999999,101.14875,105,670.524726559428,56
ITC,2022-08-02,2022-09-29,310.30999999999995,328.671,32,548.94439277741,58
ADANIENT,2022-08-02,2022-10-04,2662.66,3226.77,3,1656.8934615264607,63
HINDUNILVR,2022-09-30,2022-10-27,2709.707,2491.506,4,-911.9183527685509,27
ZYDUSLIFE,2022-10-04,2022-11-17,414.41399999999993,416.3832,25,10.223606015821133,44
M&M,2022-08-02,2022-11-18,1238.9377,1248.7999499999999,8,40.85840728712719,108
CIPLA,2022-09-28,2022-11-21,1102.1009999999999,1103.8450500000001,10,-23.001238016069692,54
TVSMOTOR,2022-08-02,2022-11-22,931.9309999999999,1046.952,10,1112.3764033444204,112
BANKBARODA,2022-10-27,2022-12-23,148.49835,173.826,74,1831.9517037941696,57
UNIONBANK,2022-11-18,2022-12-23,71.071,74.925,140,500.95762984655994,35
IRFC,2022-11-17,2022-12-26,27.27725,28.22175,391,329.2834721388681,39
PNB,2022-11-21,2022-12-26,45.84579999999999,49.6503,239,868.0515535992581,35
CANBK,2022-11-22,2022-12-26,63.01295,58.241699999999994,166,-830.3839611328494,34
SOLARINDS,2023-01-02,2023-01-24,4452.447999999999,4080.6153,2,-778.6154985022104,22
JSWSTEEL,2022-12-28,2023-01-25,761.761,722.277,14,-591.8348807482289,28
CANBK,2023-01-02,2023-01-27,67.21715,61.48845,166,-990.7070098198892,25
RECLTD,2023-01-02,2023-01-30,117.91779999999999,115.18469999999999,95,-300.20178141067663,28
HDFCBANK,2023-01-24,2023-02-27,838.3374999999999,792.15705,13,-639.874899117387,34
JINDALSTEL,2022-12-28,2023-03-23,573.3727999999999,553.9455,19,-408.8777866019773,85
ONGC,2023-01-27,2023-03-29,152.60244999999998,147.10275,70,-424.25068816526436,61
MAXHEALTH,2023-01-30,2023-04-05,452.95249999999993,427.572,23,-622.2299008773462,65
GAIL,2023-02-27,2023-05-22,103.95384999999999,104.895,99,54.27508909193057,84
VBL,2023-04-05,2023-06-26,284.284,307.24245,36,786.9726832616052,82
ITC,2023-01-30,2023-07-26,347.2468999999999,464.4351,29,3356.625782213174,177
ULTRACEMCO,2023-03-31,2023-08-16,7582.6750999999995,7996.94505,1,381.05854126544637,138
ZYDUSLIFE,2023-03-24,2023-09-04,483.98349999999994,615.33405,21,2716.9850319961115,164
IRFC,2023-08-16,2023-10-10,50.95089999999999,71.928,236,4902.811984736591,55
CGPOWER,2023-05-22,2023-10-11,341.29094999999995,415.48409999999996,32,2331.518523985238,142
BEL,2023-09-04,2023-10-23,139.6395,134.3655,92,-529.1866867719582,49
TRENT,2023-06-26,2023-10-25,1152.40125,1334.51415,9,1598.3373007369773,121
SOLARINDS,2023-10-10,2023-12-01,5191.286099999999,6233.76,2,2043.7825545299638,52
LODHA,2023-10-11,2024-02-13,812.0111999999999,1018.98,17,3468.21451975741,125
RECLTD,2023-12-01,2024-02-28,352.90254999999996,445.60395,44,4024.195382525366,89
BAJAJ-AUTO,2023-10-23,2024-03-01,5465.459999999999,7947.045,2,4917.803589187743,130
VBL,2024-02-13,2024-03-06,556.5559999999999,547.8516,34,-353.62817517040094,22
DLF,2024-02-28,2024-03-13,915.1142,859.14,21,-1232.8799047156353,14
BEL,2024-03-01,2024-03-14,206.15594999999996,188.811,86,-1545.4527637098363,13
CANBK,2024-03-06,2024-03-14,120.92079999999999,106.69319999999999,153,-2231.614442708891,8
TVSMOTOR,2023-10-31,2024-03-18,1627.8762499999998,2058.939,8,3400.055557946029,139
SOLARINDS,2024-03-15,2024-05-16,8278.269999999999,8437.3542,2,265.1125901954656,62
ETERNAL,2023-07-26,2024-06-04,83.18309999999998,176.3235,145,13448.627182091723,314
CUMMINSIND,2024-05-16,2024-06-05,3695.1914999999995,3255.741,4,-1804.7600628229775,20
INDIGO,2024-03-13,2024-07-09,3245.2419999999997,4235.76,5,4895.466024607746,118
HAL,2024-07-09,2024-07-19,5644.538899999999,5004.99,3,-1970.2226987067897,10
TRENT,2024-03-15,2024-07-22,2703.4006999999997,3403.24335,6,4142.72565934587,129
IRFC,2024-06-04,2024-08-06,189.189,181.818,108,-856.5831485548551,63
ICICIBANK,2024-07-22,2024-08-07,1241.2399999999998,1177.77105,16,-1074.5184503087512,16
ZYDUSLIFE,2024-08-08,2024-08-14,1282.281,1186.6122,15,-1492.2221021259465,6
ONGC,2024-07-19,2024-09-06,333.33299999999997,311.1885,62,-1433.3969329232568,49
BHARTIARTL,2024-03-18,2024-10-07,1226.225,1649.349,14,5863.514503887862,203
ETERNAL,2024-08-08,2024-10-08,265.265,265.734,74,-24.885829263279447,61
MUTHOOTFIN,2024-09-06,2024-10-08,2006.0039999999997,1886.112,9,-1133.964111547939,32
PIDILITIND,2024-06-05,2024-10-11,1533.532,1578.37005,12,480.67063663604495,128
CGPOWER,2024-10-10,2024-10-24,804.3034999999999,740.50875,25,-1653.8342535892116,14
M&M,2024-10-11,2024-10-24,3203.2,2760.237,6,-2713.66769081257,13
TRENT,2024-08-14,2024-10-28,4270.916649999999,4903.241849999999,4,2472.7822437467184,75
TORNTPHARM,2024-10-09,2024-10-30,3537.5339999999997,3122.0748,5,-2130.3834494419425,21
HINDZINC,2024-10-30,2024-11-14,555.555,486.56295,34,-2401.2086008051265,15
DIVISLAB,2024-10-09,2024-11-18,5661.555899999999,5694.3,3,44.45290043750356,40
HDFCBANK,2024-11-26,2024-12-31,905.9049999999999,884.26485,18,-441.2890132737466,35
TECHM,2024-10-24,2025-01-08,1736.7850499999997,1666.28205,11,-833.118508028907,76
INDHOTEL,2024-11-26,2025-01-13,798.8480499999998,799.2999,23,-46.38245229814129,48
HCLTECH,2024-10-29,2025-01-15,1873.6217499999998,1834.164,10,-451.7389725907924,78
WIPRO,2024-10-29,2025-01-17,280.1798999999999,287.5122,68,439.8070676670104,80
ADANIPORTS,2025-05-14,2025-06-19,1381.3799999999999,1369.1295,13,-214.9321339429116,36
CANBK,2025-05-14,2025-06-19,105.70559999999998,108.0918,171,351.51509675128545,36
SOLARINDS,2025-05-14,2025-07-11,13673.659999999998,15889.095,1,2166.820255637371,58
BHARTIARTL,2025-06-23,2025-07-14,1931.9299999999998,1913.085,10,-247.12094013390015,21
BEL,2025-05-14,2025-07-18,339.33899999999994,403.84575,53,3359.414314830068,65
RELIANCE,2025-06-23,2025-07-22,1454.4529999999997,1425.9726,13,-427.8134180212073,29
MUTHOOTFIN,2025-07-22,2025-08-13,2685.8831999999993,2519.478,7,-1221.34409166381,22
MAXHEALTH,2025-05-14,2025-08-28,1150.149,1194.804,15,614.8586457393358,106
HDFCAMC,2025-07-18,2025-09-01,2767.0142499999997,2728.7685,7,-326.4197257938031,45
ADANIPOWER,2025-07-11,2025-09-25,121.52139999999999,145.3545,160,3750.2024869834568,76
DMART,2025-09-01,2025-10-01,4757.753,4470.924599999999,4,-1204.3502344989538,30
CUMMINSIND,2025-07-14,2025-10-03,3570.5669999999996,3845.5506,5,1317.8862053691118,81
JINDALSTEL,2025-10-01,2025-10-15,1064.8637999999999,995.004,19,-1386.8563446775297,14
MARUTI,2025-08-13,2025-11-06,12852.839999999998,15518.466,1,2618.3689890688474,85
CHOLAFIN,2025-10-15,2025-12-23,1650.649,1603.395,12,-626.4122681753288,69
EICHERMOT,2025-08-28,2026-01-21,6275.769499999999,7093.3995,3,2392.575462176421,146
HINDZINC,2025-12-23,2026-02-01,610.6099999999999,574.425,32,-1216.0757784931193,40
CANBK,2025-09-25,2026-02-02,123.02289999999999,140.90895,171,2992.6617018861216,130
MUTHOOTFIN,2025-10-03,2026-02-02,3153.1499999999996,3476.52,6,1880.233146447481,122
SHRIRAMFIN,2025-11-06,2026-03-05,793.3925999999999,1021.2777,26,5857.09774665652,119
ADANIPORTS,2026-02-04,2026-03-05,1531.4298999999999,1445.7528,14,-1261.815880476861,29
ADANIPOWER,2026-02-05,2026-03-05,155.44528999999997,138.861,143,-2434.4281711120966,28
SBIN,2026-01-23,2026-03-09,1052.9519,1113.885,20,1154.6664896292132,45
ABB,2026-02-04,2026-05-12,5666.660999999999,6353.64,3,2005.0897572779286,97
NESTLEIND,2026-04-22,2026-06-04,1392.3909999999998,1393.605,16,-46.03848225753245,43
JINDALSTEL,2026-04-22,2026-06-08,1290.2889999999998,1163.835,17,-2212.169697582405,47
ADANIPOWER,2026-04-22,2026-06-11,204.19398999999999,219.02076,110,1563.4054251363123,50
TRENT,2026-06-18,2026-07-08,3128.1249999999995,2918.079,7,-1533.3931677527253,20
VBL,2026-06-18,2026-07-08,548.2477,482.06745,39,-2641.8049335633295,20
ADANIGREEN,2026-05-12,2026-07-24,1381.3799999999999,1354.644,16,-492.38353928678043,73
CGPOWER,2026-06-18,2026-07-24,970.8698999999999,859.14,23,-2632.682189443658,36
ADANIENSOL,2026-04-22,2026-08-14,1270.7694999999999,1586.412,17,5296.420379905681,114
ZYDUSLIFE,2026-07-08,2026-08-20,1147.7465999999997,1115.883,19,-669.1764828818959,43
UNITDSPR,2026-07-27,2026-09-02,1479.1777,1457.541,14,-364.5535329727645,37
TORNTPHARM,2026-07-08,2026-09-07,4854.849999999999,4852.143,3,-56.41159808525481,61
BAJAJ-AUTO,2026-07-24,2026-09-11,11240.229,11612.376,1,330.8505021812707,49
SOLARINDS,2026-08-14,2026-09-16,20310.289999999997,19380.6,1,-989.7952756811392,33
MOTHERSON,2026-08-20,2026-09-16,171.32115,157.03280999999998,125,-1847.7158853818728,27
